Name,Symbol
First Tidal Acquisition Corp.,AAA-P.V
Aberdeen International Inc.,AAB.TO
Aftermath Silver Ltd.,AAG.V
Advance Lithium Corp.,AALI.V
Aton Resources Inc.,AAN.V
Apple Inc.,AAPL.NE
ATI Airtest Technologies Inc.,AAT.V
Angold Resources Ltd.,AAU.V
Advantage Energy Ltd.,AAV.TO
"Ascend Wellness Holdings, Inc.",AAWH-U.CN
Azincourt Energy Corp.,AAZ.V
Abasca Resources Inc.,ABA.V
AbbVie Inc.,ABBV.NE
ABC Technologies Holdings Inc.,ABCT.TO
Abcourt Mines Inc.,ABI.V
Aben Minerals Ltd.,ABM.V
Arbor Metals Corp.,ABR.V
AbraSilver Resource Corp.,ABRA.V
Albert Labs International Corp.,ABRT.CN
Barrick Gold Corporation,ABX.TO
Abaxx Technologies Inc.,ABXX.NE
AsiaBaseMetals Inc.,ABZ.V
Air Canada,AC.TO
Axiom Capital Advisors Inc.,ACA.CN
Aurora Cannabis Inc.,ACB.TO
Aardvark 2 Capital Corp.,ACCB-P.V
Accord Financial Corp.,ACD.TO
American Copper Development Corporation,ACDX.CN
ACME Lithium Inc.,ACME.CN
Alpha Cognition Inc.,ACOG.CN
Atacama Copper Corporation,ACOP.V
ATCO Ltd.,ACO-Y.TO
AutoCanada Inc.,ACQ.TO
AcreageHoldInc,ACRG-AU.CN
AcreageHoldings,ACRG-BU.CN
Aduro Clean Technologies Inc.,ACT.CN
Aurora Solar Technologies Inc.,ACU.V
Adcore Inc.,ADCO.TO
Arctic Star Exploration Corp.,ADD.V
Adex Mining Inc.,ADE.V
ADENTRA Inc.,ADEN.TO
Arcus Development Group Inc.,ADG-H.V
DIAGNOS Inc.,ADK.V
Acadian Timber Corp.,ADN.TO
Alaris Equity Partners Income Trust,AD-UN.TO
Andrew Peller Limited,ADW-A.TO
Adyton Resources Corporation,ADY.V
Adya Inc.,ADYA.V
Adamera Minerals Corp.,ADZ.V
Adventus Mining Corporation,ADZN.V
American Eagle Gold Corp.,AE.V
Anfield Energy Inc.,AEC.V
Aegis Brands Inc.,AEG.TO
Amseco Exploration Ltd.,AEL-H.V
Agnico Eagle Mines Limited,AEM.TO
Alaska Energy Metals Corporation,AEMC.V
Atlas Engineered Products Ltd.,AEP.V
Aeterna Zentaris Inc.,AEZS.TO
Automotive Finco Corp.,AFCC-H.V
Africa Energy Corp.,AFE.V
Affinity Metals Corp.,AFF.CN
Alphamin Resources Corp.,AFM.V
Ag Growth International Inc.,AFN.TO
AF2 Capital Corp.,AF-P.V
AFR NuVenture Resources Inc.,AFR.V
Arctic Fox Lithium Corp.,AFX.CN
Avanti Gold Corp.,AGC.CN
Antioquia Gold Inc.,AGD.V
AGF Management Limited,AGF-B.TO
Canadian Silver Hunter Inc.,AGH-H.V
Alamos Gold Inc.,AGI.TO
Austral Gold Limited,AGLD.V
Silver Mountain Resources Inc.,AGMR.V
Algernon Pharmaceuticals Inc.,AGN.CN
Agra Ventures Ltd.,AGRA.CN
Agrinam Acquisition Corporation,AGRI-U.TO
Silver X Mining Corp.,AGX.V
Armor Minerals Inc.,A-H.V
Amarc Resources Ltd.,AHR.V
Atrium Mortgage Investment Corporation,AI.TO
NetraMark Holdings Inc.,AIAI.CN
AlphaGen Intelligence Corp.,AIC.CN
Generative AI Solutions Corp.,AICO.CN
S&P SmallCap 600 GARP Index (US,AI-DBG.TO
Altus Group Limited,AIF.TO
Genesis AI Corp.,AIG.CN
Almonty Industries Inc.,AII.TO
Aimia Inc.,AIM.TO
AIM5 Ventures Inc.,AIME-P.V
AI/ML Innovations Inc.,AIML.CN
Aion Therapeutic Inc.,AION.CN
Value Capital Trust,AIP-U.V
Clean Air Metals Inc.,AIR.V
A.I.S. Resources Limited,AIS.V
AI Artificial Intelligence Ventures Inc.,AIVC.V
AJN Resources Inc.,AJN.CN
Allkem Limited,AKE.TO
Alaska Hydro Corporation,AKH-H.V
Ackroo Inc.,AKR.V
AKITA Drilling Ltd.,AKT-A.TO
Akumin Inc.,AKU.TO
ALX Resources Corp.,AL.V
AltaGas Ltd.,ALA.TO
Algoma Central Corporation,ALC.TO
Alpha Copper Corp.,ALCU.CN
ALDD Ventures Corp.,ALDD-P.V
Aldebaran Resources Inc.,ALDE.V
Alerio Gold Corp.,ALE.CN
Alpha Exploration Ltd.,ALEX.V
Odessa Capital Ltd.,ALFA-P.V
Alpha Lithium Corporation,ALLI.NE
Alma Gold Inc.,ALMA.CN
Altius Minerals Corporation,ALS.TO
Altamira Gold Corp.,ALTA.V
Alvopetro Energy Ltd.,ALV.V
AnalytixInsight Inc.,ALY.V
Alithya Group Inc.,ALYA.TO
Ambari Brands Inc.,AMB.CN
Arizona Metals Corp.,AMC.TO
"Advanced Micro Devices, Inc.",AMD.NE
Abacus Mining & Exploration Corporation,AME.V
Amcomri Entertainment Inc.,AMEN.NE
American Creek Resources Ltd.,AMK.V
Almaden Minerals Ltd.,AMM.TO
AmmPower Corp.,AMMP.CN
AMPD Ventures Inc.,AMPD.CN
American Future Fuel Corporation,AMPS.CN
Amaroq Minerals Ltd.,AMRQ.V
Alchemist Mining Inc.,AMS.CN
Amex Exploration Inc.,AMX.V
RecycLiCo Battery Materials Inc.,AMY.V
Azucar Minerals Ltd.,AMZ.V
"Amazon.com, Inc.",AMZN.NE
Andlauer Healthcare Group Inc.,AND.TO
Altan Nevada Minerals Limited,ANE.V
Angkor Resources Corp.,ANK.V
Anonymous Intelligence Company Inc.,ANON.CN
Anaergia Inc.,ANRG.TO
Antler Gold Inc.,ANTL.V
Alianza Minerals Ltd.,ANZ.V
Africa Oil Corp.,AOI.TO
Aloro Mining Corp.,AORO.V
Ascot Resources Ltd.,AOT.TO
Advanced Proteome Therapeutics Corporation,APC-H.V
Apollo Silver Corp.,APGO.V
Appia Rare Earths & Uranium Corp.,API.CN
Appulse Corporation,APL.V
Appili Therapeutics Inc.,APLI.TO
ApartmentLove Inc.,APLV.CN
Andean Precious Metals Corp.,APM.V
Altiplano Metals Inc.,APN.V
Global Compliance Applications Corp.,APP.CN
Automotive Properties Real Estate Investment Trust,APR-UN.TO
Aptose Biosciences Inc.,APS.TO
Allied Properties Real Estate Investment Trust,AP-UN.TO
Apex Resources Inc.,APX.V
Algonquin Power & Utilities Corp.,AQN.TO
Aequus Pharmaceuticals Inc.,AQS.V
Argonaut Gold Inc.,AR.TO
Aclara Resources Inc.,ARA.TO
ARCpoint Inc.,ARC.V
Arch Biopartners Inc.,ARCH.V
Aecon Group Inc.,ARE.TO
Amerigo Resources Ltd.,ARG.TO
Argo Living Soils Corp.,ARGO.CN
Altima Resources Ltd.,ARH.V
Awalé Resources Limited,ARIC.V
Aris Mining Corporation,ARIS.TO
Aranjin Resources Ltd.,ARJN.V
Arras Minerals Corp.,ARK.V
Argo Gold Inc.,ARQ.CN
Altius Renewable Royalties Corp.,ARR.TO
Ares Strategic Mining Inc.,ARS.CN
ARHT Media Inc.,ART.V
Artemis Gold Inc.,ARTG.V
Aretto Wellness Inc.,ARTO.CN
Aurania Resources Ltd.,ARU.V
Arway Corporation,ARWY.CN
ARC Resources Ltd.,ARX.TO
Arizona Sonoran Copper Company Inc.,ASCU.TO
Asante Gold Corporation,ASE.CN
ASEP Medical Holdings Inc.,ASEP.CN
Aurora Spine Corporation,ASG.V
Ashley Gold Corp.,ASHL.CN
Avino Silver & Gold Mines Ltd.,ASM.TO
Ascendant Resources Inc.,ASND.TO
Aquarius Surgical Technologies Inc.,ASTI.CN
Algoma Steel Group Inc.,ASTL.TO
Astra Exploration Inc.,ASTR.V
Atco Mining Inc.,ATCM.CN
Alta Copper Corp.,ATCU.TO
Alimentation Couche-Tard Inc.,ATD.TO
Antibe Therapeutics Inc.,ATE.TO
Athabasca Oil Corporation,ATH.TO
"Aether Catalyst Solutions, Inc.",ATHR.CN
Altai Resources Inc.,ATI.V
Atlas Global Brands Inc.,ATL.CN
Atmofizer Technologies Inc.,ATMO.CN
Atomic Minerals Corporation,ATOM.V
ATS Corporation,ATS.TO
ATW Tech Inc.,ATW.V
ATEX Resources Inc.,ATX.V
Atico Mining Corporation,ATY.V
Aritzia Inc.,ATZ.TO
Aurion Resources Ltd.,AU.V
Auxico Resources Canada Inc.,AUAG.CN
Allegiant Gold Ltd.,AUAU.V
Inflection Resources Ltd.,AUCU.CN
Golden Sky Minerals Corp.,AUEN.V
Au Gold Corp.,AUGC.V
Advance United Holdings Inc.,AUHI.CN
1911 Gold Corporation,AUMB.V
Golden Minerals Company,AUMN.TO
Emperor Metals Inc.,AUOZ.CN
Aurora Royalties Inc.,AUR-H.V
Carbeeza Inc.,AUTO.V
Gold79 Mines Ltd.,AUU.V
Aluula Composites Inc.,AUUA.V
Avante Mining Corp.,AVA.V
Avicanna Inc.,AVCN.TO
Avricore Health Inc.,AVCR.V
Avidian Gold Corp.,AVG.V
Avalon Advanced Materials Inc.,AVL.TO
Avarone Metals Inc.,AVM-X.CN
Avanti Helium Corp.,AVN.V
Avant Brands Inc.,AVNT.TO
Avaron Mining Corp.,AVR.V
Avrupa Minerals Ltd.,AVU.V
Altair Resources Inc.,AVX.V
Thunderstruck Resources Ltd.,AWE.V
Advent-AWI Holdings Inc.,AWI.V
Awakn Life Sciences Corp.,AWKN.NE
Ameriwest Lithium Inc.,AWLI.CN
Angel Wing Metals Inc.,AWM.V
Aurwest Resources Corporation,AWR.CN
A&W Revenue Royalties Income Fund,AW-UN.TO
ArcWest Exploration Inc.,AWX.V
Acceleware Ltd.,AXE.V
Axis Auto Finance Inc.,AXIS.TO
Arrow Exploration Corp.,AXL.V
AXMIN Inc.,AXM.V
Artis Real Estate Investment Trust,AX-PI.TO
Aya Gold & Silver Inc.,AYA.TO
Ayr Wellness Inc.,AYR-A.CN
Ayurcann Holdings Corp.,AYUR.CN
A2Z Smart Technologies Corp.,AZ.V
Azimut Exploration Inc.,AZM.V
Azarga Metals Corp.,AZR.V
Arizona Silver Exploration Inc.,AZS.V
Aztec Minerals Corp.,AZT.V
BCM Resources Corporation,B.V
The Boeing Company,BA.NE
Else Nutrition Holdings Inc.,BABY.TO
BacTech Environmental Corporation,BAC.CN
Blende Silver Corp.,BAG.V
Brookfield Asset Management Ltd.,BAM.TO
Body and Mind Inc.,BAMM.CN
Baru Gold Corporation,BARU.V
Batero Gold Corp.,BAT.V
Dark Star Minerals Inc.,BATT.CN
Battery X Metals Inc.,BATX.CN
Blue Star Gold Corp.,BAU.V
Aston Bay Holdings Ltd.,BAY.V
BlackBerry Limited,BB.TO
Brixton Metals Corporation,BBB.V
Bombardier Inc.,BBD-B.TO
Blueberries Medical Corp.,BBM.CN
BBTV Holdings Inc.,BBTV.TO
Brookfield Business Corporation,BBUC.TO
Brookfield Business Partners L.P.,BBU-UN.TO
The BC Bud Corporation,BCBC.CN
Base Carbon Inc.,BCBN.NE
BCE Inc.,BCE.TO
Builders Capital Mortgage Corp.,BCF.V
Bear Creek Mining Corporation,BCM.V
BriaCell Therapeutics Corp.,BCT.TO
Bell Copper Corporation,BCU.V
Badger Infrastructure Solutions Ltd.,BDGI.TO
Black Diamond Group Limited,BDI.TO
Bird River Resources Inc.,BDR.CN
Bird Construction Inc.,BDT.TO
Belmont Resources Inc.,BEA.V
Beacn Wizardry and Magic Inc.,BECN.V
Bee Vectoring Technologies International Inc.,BEE.CN
Boardwalk Real Estate Investment Trust,BEI-UN.TO
The Becker Milk Company Limited,BEK-B.TO
Butte Energy Inc.,BEN-H.V
Brookfield Renewable Corporation,BEPC.TO
Brookfield Renewable Partners L.P.,BEP-UN.TO
Braille Energy Systems Inc.,BES.V
NorthStar Gaming Holdings Inc.,BET.V
BetterLife Pharma Inc.,BETR.CN
BeWhere Holdings Inc.,BEW.V
Benton Resources Inc.,BEX.V
Bedford Metals Corp.,BFM.V
Big Gold Inc.,BG.CN
BioNeutra Global Corporation,BGA.V
Bullion Gold Resources Corp.,BGD.V
Blue Sky Global Energy Corp.,BGE.V
Beauce Gold Fields Inc.,BGF.V
Brookfield Global Infrastructure Securities Income Fund,BGI-UN.TO
Baroyeca Gold & Silver Inc.,BGS.V
Bausch Health Companies Inc.,BHC.TO
Bradda Head Lithium Limited,BHLI.V
Bayhorse Silver Inc.,BHS.V
BioHarvest Sciences Inc.,BHSC.CN
Hercules Silver Corp.,BIG.V
BIGG Digital Assets Inc.,BIGG.CN
Big Tree Carbon Inc.,BIGT.V
BIP Investment Corporation,BIK-PA.TO
BuildDirect.com Technologies Inc.,BILD.V
Biome Grow Inc.,BIO.CN
BioVaxys Technology Corp.,BIOV.CN
Brookfield Infrastructure Corporation,BIPC.TO
Brookfield Infrastructure Partners L.P.,BIP-UN.TO
Birchcliff Energy Ltd.,BIR.TO
Thunderbird Minerals Corp.,BIRD.V
Blender Bites Limited,BITE.CN
Bitfarms Ltd.,BITF.TO
BlockchainK2 Corp.,BITK.V
Bond Resources Inc.,BJB.CN
Canadian Banc Corp.,BK.TO
Horizons Equal Weight Canadian Bank Covered Call ETF,BKCC.TO
Black Iron Inc.,BKI.TO
Pacific Booker Minerals Inc.,BKM.V
Blockmint Technologies Inc.,BKMT.V
Britannia Life Sciences Inc.,BLAB.CN
Trail Blazing Ventures Ltd.,BLAZ-P.V
Bausch + Lomb Corporation,BLCO.TO
Ballard Power Systems Inc.,BLDP.TO
Belgravia Hartford Capital Inc.,BLGV.CN
Blue Lagoon Resources Inc.,BLLG.CN
BluMetric Environmental Inc.,BLM.V
Blackline Safety Corp.,BLN.TO
Cannabix Technologies Inc.,BLO.CN
GlobalBlock Digital Asset Trading Limited,BLOK-H.V
Cryptoblox Technologies Inc.,BLOX.CN
Blackhawk Growth Corp.,BLR.CN
Boralex Inc.,BLX.TO
Barsele Minerals Corp.,BME.V
BeMetals Corp.,BMET.V
BMEX Gold Inc.,BMEX.V
MacDonald Mines Exploration Ltd.,BMK.V
Black Mammoth Metals Corporation,BMM.V
Bank of Montreal,BMO.TO
Battery Mineral Resources Corp.,BMR.V
Bathurst Metals Corp.,BMV.V
Brookfield Corporation,BN.TO
Benchmark Metals Inc.,BNCH.V
Bonterra Energy Corp.,BNE.TO
Bengal Energy Ltd.,BNG.TO
Big Banc Split Corp.,BNK.TO
Bunker Hill Mining Corp.,BNKR.CN
Benjamin Hill Mining Corp.,BNN.CN
PUTNAM SUSTAINABLE LEADERS ETF,BN-PFD.TO
BROOKFIELD CORPORATION PREF SER,BN-PFF.TO
Brookfield Corp,BN-PK.TO
Brookfield Reinsurance Ltd.,BNRE.TO
The Bank of Nova Scotia,BNS.TO
Bnsellit Technology Inc.,BNSL.CN
Banxa Holdings Inc.,BNXA.V
BioNxt Solutions Inc.,BNXT.CN
The Limestone Boat Company Limited,BOAT.V
Bocana Resources Corp.,BOCA.V
Bank of America Corporation,BOFA.NE
Beyond Oil Ltd.,BOIL.CN
Bold Ventures Inc.,BOL.V
Bolt Metals Corp.,BOLT.CN
Boron One Holdings Inc.,BONE.V
AirBoss of America Corp.,BOS.TO
Backstageplay Inc.,BP.V
Boston Pizza Royalties Income Fund,BPF-UN.TO
Brookfield Office Properties Inc,BPO-PE.TO
Brookfield Property Preferred LP,BPYP-PA.TO
BQE Water Inc.,BQE.V
Big Rock Brewery Inc.,BR.TO
Bragg Gaming Group Inc.,BRAG.TO
Brascan Resources Inc.,BRAS.CN
Big Ridge Gold Corp.,BRAU.V
Braxia Scientific Corp.,BRAX.CN
Blackrock Silver Corp.,BRC.V
Birchtree Investments Ltd.,BRCH.CN
Buscando Resources Corp,BRCO.CN
Bridgemarq Real Estate Services Inc.,BRE.TO
Brookfield Renewable Power Preferred Equity Inc,BRF-PE.TO
Brigadier Gold Limited,BRG.V
Berkshire Hathaway Inc.,BRK.NE
BioRem Inc.,BRM.V
Boat Rocker Media Inc.,BRMI.TO
Brookfield Investments Corporation,BRN-PA.V
Barksdale Resources Corp.,BRO.V
Bravo Mining Corp.,BRVO.V
Brunswick Exploration Inc.,BRW.V
Bri-Chem Corp.,BRY.TO
Blue Sky Uranium Corp.,BSK.V
Bluestone Resources Inc.,BSR.V
Bessor Minerals Inc.,BST-H.V
Belo Sun Mining Corp,BSX.TO
BTB Real Estate Investment Trust,BTB-UN.TO
Bluesky Digital Assets Corp.,BTC.CN
Bitcoin Well Inc.,BTCW.V
Baytex Energy Corp.,BTE.TO
Bioasis Technologies Inc.,BTI.V
B2Gold Corp.,BTO.TO
BTQ Technologies Corp.,BTQ.NE
Bonterra Resources Inc.,BTR.V
Bitterroot Resources Ltd.,BTT.V
BTU Metals Corp.,BTU.V
BlueRush Inc.,BTV.V
Burcon NutraScience Corporation,BU.TO
Buhler Industries Inc.,BUI.TO
Canadian Palladium Resources Inc.,BULL.CN
Burin Gold Corp.,BURG.V
Biomark Diagnostics Inc.,BUX.CN
Buzz Capital Inc.,BUZ-P.V
Bravada Gold Corporation,BVA.V
Blockchain Venture Capital Inc.,BVCI.CN
"B.E.S.T. Venture Opportunities Fund, Inc.",BVOF-A.CN
Blackwolf Copper and Gold Ltd.,BWCG.V
Boardwalktech Software Corp.,BWLK.V
BWR Exploration Inc.,BWR.V
Beyond Lithium Inc.,BY.CN
Boyd Group Services Inc.,BYD.TO
Baylin Technologies Inc.,BYL.TO
Baymount Incorporated,BYM-H.V
Banyan Gold Corp.,BYN.V
BYND Cannasoft Enterprises Inc.,BYND.CN
Benz Mining Corp.,BZ.V
BZAM Ltd.,BZAM.CN
Contact Gold Corp.,C.V
Cinaport Acquisition Corp. III,CAC-P.V
KWG Resources Inc.,CACR.CN
Colonial Coal International Corp.,CAD.V
CAE Inc.,CAE.TO
Canaf Investments Inc.,CAF.V
Radio Fuels Energy Corp.,CAKE.CN
Radio Fuels Energy Corp,CAKE-WT.CN
Cascadia Minerals Ltd.,CAM.V
CanadaBis Capital Inc.,CANB.V
Candelaria Mining Corp.,CAND.V
Heritage Cannabis Holdings Corp.,CANN.CN
Wildpack Beverage Inc.,CANS.V
CANEX Metals Inc.,CANX.V
Capitan Silver Corp.,CAPT.V
Dialogue Health Technologies Inc.,CARE.TO
Carcetti Capital Corp.,CART-H.V
Canadian Apartment Properties Real Estate Investment Trust,CAR-UN.TO
Cascades Inc.,CAS.TO
Casa Minerals Inc.,CASA.V
Cascade Copper Corp.,CASC.CN
CAT Strategic Metals Corporation,CAT.CN
Champion Bear Resources Ltd.,CBA.V
Chibougamau Independent Mines Inc.,CBG.V
Colibri Resource Corporation,CBI.V
Cathedra Bitcoin Inc.,CBIT.V
CBLT Inc.,CBLT.V
Clear Blue Technologies International Inc.,CBLU.V
Cabral Gold Inc.,CBR.V
Cobra Venture Corporation,CBV.V
Core Assets Corp.,CC.CN
Cogeco Communications Inc.,CCA.TO
Canada Carbon Inc.,CCB.V
Carlyle Commodities Corp.,CCC.CN
C3 Metals Inc.,CCCM.V
Cascadero Copper Corporation,CCD.V
Commerce Resources Corp.,CCE.V
Columbia Care Inc.,CCHW.NE
Canadian Copper Inc.,CCI.CN
Chicane Capital I Corp.,CCIC-P.V
CCL Industries Inc.,CCL-B.TO
Canagold Resources Ltd.,CCM.TO
Canadian Critical Minerals Inc.,CCMI.V
Cameco Corporation,CCO.TO
Green River Gold Corp.,CCR.CN
Co-operators General Insurance Co,CCS-PC.TO
Canada Silver Cobalt Works Inc.,CCW.V
Cantex Mine Development Corp.,CD.V
Canuc Resources Corporation,CDA.V
Ceridian HCM Holding Inc.,CDAY.TO
Cordoba Minerals Corp.,CDB.V
Canadian Manganese Company Inc.,CDMN.NE
CDN Maverick Capital Corp.,CDN.CN
Cerro de Pasco Resources Inc.,CDPR.CN
Condor Energies Inc.,CDR.TO
CordovaCann Corp.,CDVA.CN
Cloud DX Inc.,CDX.V
CE Brands Inc.,CEBI.V
CanAsia Energy Corp.,CEC.V
Centamin plc,CEE.TO
Sprott Physical Gold and Silver Trust,CEF.TO
Coelacanth Energy Inc.,CEI.V
Grid Battery Metals Inc.,CELL.V
Criterium Energy Ltd.,CEQ.V
Cerrado Gold Inc.,CERT.V
Celestial Acquisition Corp.,CES-P.V
Cathedral Energy Services Ltd.,CET.TO
CES Energy Solutions Corp.,CEU.TO
Canaccord Genuity Group Inc.,CF.TO
Cartier Silver Corporation,CFE.CN
Conifex Timber Inc.,CFF.TO
Canfor Corporation,CFP.TO
Calfrac Well Services Ltd.,CFW.TO
Canfor Pulp Products Inc.,CFX.TO
Centerra Gold Inc.,CG.TO
Canadian Gold Corp.,CGC.V
Carlin Gold Corporation,CGD.V
China Gold International Resources Corp. Ltd.,CGG.TO
CI Global High Yield Credit Private Pool,CGHY.TO
"Canadian General Investments, Limited",CGI.TO
CleanGo Innovations Inc.,CGII.CN
Cognetivity Neurosciences Ltd.,CGN.CN
Cogeco Inc.,CGO.TO
Cineplex Inc.,CGX.TO
Calian Group Ltd.,CGY.TO
Charbone Hydrogen Corporation,CH.V
Norris Lithium Inc.,CHCK.CN
Chemtrade Logistics Income Fund,CHE-UN.TO
Chevron Corporation,CHEV.NE
ChitogenX Inc.,CHGX.CN
Chemistree Technology Inc.,CHM.CN
Choice Properties Real Estate Investment Trust,CHP-UN.TO
Chorus Aviation Inc.,CHR.TO
"Comprehensive Healthcare Systems, Inc.",CHS.V
Chesswood Group Limited,CHW.TO
Cypress Hills Resource Corp.,CHY.V
Champion Iron Limited,CIA.TO
Colliers International Group Inc.,CIGI.TO
Canadian High Income Equity Fund,CIQ-UN.TO
Ciscom Corp.,CISC.CN
Citigroup Inc.,CITI.NE
CU Inc,CIU-PA.TO
CI Financial Corp.,CIX.TO
Cardinal Energy Ltd.,CJ.TO
Canada Jetlines Operations Ltd,CJET.NE
Corus Entertainment Inc.,CJR-B.TO
Cargojet Inc.,CJT.TO
Cascadia Blockchain Group Corp.,CK.CN
Chesapeake Gold Corp.,CKG.V
Clarke Inc.,CKI.TO
Cresco Labs Inc.,CL.CN
Christina Lake Cannabis Corp.,CLC.CN
Comet Lithium Corporation,CLIC.V
Clip Money Inc.,CLIP.V
Consolidated Lithium Metals Inc.,CLM.V
Celestica Inc.,CLS.TO
"CLS Holdings USA, Inc.",CLSH.CN
Colossus Resources Corp.,CLUS.V
Canasil Resources Inc.,CLZ.V
Canadian Imperial Bank of Commerce,CM.TO
CMC Metals Ltd.,CMB.V
Cielo Waste Solutions Corp.,CMC.V
Cielo Waste Solutions Corp,CMC-WT.V
Commander Resources Ltd.,CMD.V
Canadian Metals Inc.,CME.CN
Clarity Metals Corp.,CMET.CN
Computer Modelling Group Ltd.,CMG.TO
C-Com Satellite Systems Inc.,CMI.V
Capella Minerals Limited,CMIL.V
Clearmind Medicine Inc.,CMND.CN
Cmp Mining Inc,CMP.CN
Cullinan Metals Corp.,CMT.CN
Comet Industries Ltd.,CMU.V
Condor Resources Inc.,CN.V
Canada Nickel Company Inc.,CNC.V
Horizons Canadian Large Cap Equity Covered Call ETF,CNCC.TO
Canacol Energy Ltd,CNE.TO
CNJ Capital Investments Inc.,CNJ-P.V
Collective Mining Ltd.,CNL.V
California Nanotechnologies Corp.,CNO.V
Canadian Natural Resources Limited,CNQ.TO
Canadian National Railway Company,CNR.TO
Caravan Energy Corporation,CNRG.CN
Canadian North Resources Inc.,CNRI.V
Contagious Gaming Inc.,CNS.V
Century Global Commodities Corporation,CNT.TO
CENTR Brands Corp.,CNTR.CN
Callinex Mines Inc.,CNX.V
Coast Copper Corp.,COCO.V
Condor Gold Plc,COG.TO
Coho Collective Kitchens Inc.,COHO.V
Tokens.com Corp.,COIN.NE
Coca-Cola Co,COLA.NE
Collective Metals Inc.,COMT.CN
Canada One Mining Corp.,CONE.V
Ostrom Climate Solutions Inc.,COO.V
Core One Labs Inc.,COOL.CN
Camino Minerals Corporation,COR.V
Cosa Resources Corp.,COSA.CN
Costco Wholesale Corporation,COST.NE
Canadian Pacific Kansas City Limited,CP.TO
CopAur Minerals Inc.,CPAU.V
CopperCorp Resources Inc.,CPER.V
Crescent Point Energy Corp.,CPG.TO
Cipher Pharmaceuticals Inc.,CPH.TO
Copper Lake Resources Ltd.,CPL.V
Copperleaf Technologies Inc.,CPLF.TO
Canadian Premium Sand Inc.,CPS.V
Captor Capital Corp.,CPTR.CN
Capital Power Corporation,CPX.TO
Capital Power Corp,CPX-PE.TO
Conquest Resources Limited,CQR.V
Crew Energy Inc.,CR.TO
Carebook Technologies Inc.,CRBK.V
Corcel Exploration Inc.,CRCL.CN
Copper Road Resources Inc.,CRD.V
Cardiol Therapeutics Inc.,CRDL.TO
Critical Elements Lithium Corporation,CRE.V
Churchill Resources Inc.,CRI.V
Carson River Ventures Corp.,CRIV.CN
"Salesforce, Inc.",CRM.NE
Cronos Group Inc.,CRON.TO
Ceres Global Ag Corp.,CRP.TO
Crombie Real Estate Investment Trust,CRR-UN.TO
CareRx Corporation,CRRX.TO
Crestview Exploration Inc.,CRS.CN
Cortus Metals Inc.,CRTS.V
CT Real Estate Investment Trust,CRT-UN.TO
Cruz Battery Metals Corp.,CRUZ.CN
Cross River Ventures Corp.,CRVC.CN
Crown Capital Partners Inc.,CRWN.TO
INAV impak CIRCA5000 Green Ener,CRWN-NT.TO
Capstone Copper Corp.,CS.TO
Cisco Systems Inc,CSCO.NE
Capstone Infrastructure Corporation,CSE-PA.TO
Cosigo Resources Ltd.,CSG-H.V
Chartwell Retirement Residences,CSH-UN.TO
Corsa Coal Corp.,CSO.V
Canso Select Opportunities Corporation,CSOC-B.V
"CareSpan Health, Inc.",CSPN.V
Cascada Silver Corp.,CSS.CN
CryptoStar Corp.,CSTR.V
Constellation Software Inc.,CSU.TO
Corby Spirit and Wine Limited,CSW-B.TO
Clean Seed Capital Group Ltd.,CSX.V
Centaurus Energy Inc.,CTA.V
"Canadian Tire Corporation, Limited",CTC.TO
Cleantek Industries Inc.,CTEK.V
Citadel Income Fund,CTF-UN.TO
CoTec Holdings Corp.,CTH.V
Canterra Minerals Corporation,CTM.V
Centurion Minerals Ltd.,CTN.V
C2C Gold Corp.,CTOC.CN
Edge Total Intelligence Inc.,CTRL.V
Converge Technology Solutions Corp.,CTS.TO
Critical Infrastructure Technologies Ltd.,CTTT.CN
Crescita Therapeutics Inc.,CTX.TO
NamSys Inc.,CTZ.V
Canadian Utilities Limited,CU.TO
Forte Minerals Corp.,CUAU.CN
CubicFarm Systems Corp.,CUB.TO
African Energy Metals Inc.,CUCO.V
Copperhead Resources Inc.,CUH.CN
Currie Rose Resources Inc.,CUI.V
Cult Food Science Corp.,CULT.CN
Canadian Utilities Ltd,CU-PG.TO
"Caribbean Utilities Company, Ltd.",CUP-U.TO
Consolidated Uranium Inc.,CUR.V
"Curaleaf Holdings, Inc.",CURA.CN
Biocure Technology Inc.,CURE.CN
Cornish Metals Inc.,CUSN.V
Copper Fox Metals Inc.,CUU.V
Compass Gold Corporation,CVB.V
Cenovus Energy Inc.,CVE.TO
Clairvest Group Inc.,CVG.TO
City View Green Holdings Inc.,CVGR.CN
Coveo Solutions Inc.,CVO.TO
CVS Health Corporation,CVS.NE
CanAlaska Uranium Ltd.,CVV.V
CVW CleanTech Inc.,CVW.V
CEMATRIX Corporation,CVX.V
Canadian Western Bank,CWB.TO
CWC Energy Services Corp.,CWC.V
"Charlotte's Web Holdings, Inc.",CWEB.TO
The Caldwell Partners International Inc.,CWL.TO
Calibre Mining Corp.,CXB.TO
CMX Gold & Silver Corp.,CXC.CN
Canxgold Mining Corp.,CXG.V
"Currency Exchange International, Corp.",CXI.TO
C21 Investments Inc.,CXXI.CN
Cymbria Corporation,CYB.TO
"CyberCatch Holdings, Inc.",CYBE.V
Cybin Inc.,CYBN.NE
Cybeats Technologies Corp.,CYBT.CN
Canyon Creek Food Company Ltd.,CYF.V
Ceylon Graphite Corp.,CYL.V
Cymat Technologies Ltd.,CYM.V
Ceapro Inc.,CZO.V
Datable Technology Corporation,DAC.V
Arianne Phosphate Inc.,DAN.V
Darelle Online Solutions Inc.,DAR.V
Datum Ventures Inc.,DAT-H.V
Desert Gold Ventures Inc.,DAU.V
Decibel Cannabis Company Inc.,DB.V
Doubleview Gold Corp.,DBG.V
Doman Building Materials Group Ltd.,DBM.TO
D-BOX Technologies Inc.,DBO.TO
Dundee Corporation,DC-A.TO
Docebo Inc.,DCBO.TO
DATA Communications Management Corp.,DCM.TO
Doré Copper Mining Corp.,DCMC.V
Digicann Ventures Inc.,DCNN.CN
District Copper Corp.,DCOP.V
"Direct Communication Solutions, Inc.",DCSI.CN
Decisive Dividend Corporation,DE.V
Playgon Games Inc.,DEAL.V
Decade Resources Ltd.,DEC.V
Deeprock Minerals Inc.,DEEP.CN
Defiance Silver Corp.,DEF.V
DeFi Technologies Inc.,DEFI.NE
Defense Metals Corp.,DEFN.V
Delta CleanTech Inc.,DELT.CN
DelphX Capital Markets Inc.,DELX.V
DevvStream Holdings Inc.,DESG.NE
Decisive Dividend Corp,DE-WT.V
Dividend 15 Split Corp. II,DF.TO
Dividend 15 Split Corp.,DFN.TO
Dividend 15 Split Corp,DFN-PA.TO
Dividend 15 Split Corp II,DF-PA.TO
DFR Gold Inc.,DFR.V
Definity Financial Corporation,DFY.TO
Dixie Gold Inc.,DG.V
Digihost Technology Inc.,DGHI.V
DGL Investments No. 1 Inc.,DGL-P.V
Durango Resources Inc.,DGO.V
Dividend Growth Split Corp.,DGS.TO
Dividend Growth Split Corp,DGS-PA.TO
DGTL Holdings Inc.,DGTL.V
Delivra Health Brands Inc.,DHB.V
Discovery Harbour Resources Corp.,DHR.V
DRI Healthcare Trust,DHT-UN.TO
Star Diamond Corporation,DIAM.TO
District Mines Ltd.,DIG-H.V
Dorel Industries Inc.,DII-B.TO
Dream Industrial Real Estate Investment Trust,DIR-UN.TO
The Walt Disney Company,DIS.NE
Diversified Royalty Corp.,DIV.TO
Decklar Resources Inc.,DKL.V
Dominion Lending Centres Inc.,DLCG.TO
DLP Resources Inc.,DLP.V
Delta Resources Limited,DLTA.V
Datametrex AI Limited,DM.V
Diagnamed Holdings Corp.,DMED.CN
Desert Mountain Energy Corp,DME-WT.V
DMG Blockchain Solutions Inc.,DMGI.V
Diamcor Mining Inc.,DMI.V
Denison Mines Corp.,DML.TO
Damara Gold Corp.,DMR.V
Small Pharma Inc.,DMT.V
District Metals Corp.,DMX.V
Delta 9 Cannabis Inc.,DN.TO
Dye & Durham Limited,DND.TO
Dynacor Group Inc.,DNG.TO
dentalcorp Holdings Ltd.,DNTL.TO
CloudMD Software & Services Inc.,DOC.V
Beyond Medical Technologies Inc.,DOCT.CN
Dollarama Inc.,DOL.TO
BRP Inc.,DOO.TO
Dios Exploration Inc.,DOS.V
Rapid Dose Therapeutics Corp.,DOSE.CN
Dundee Precious Metals Inc.,DPM.TO
Draganfly Inc.,DPRO.CN
Medical Facilities Corporation,DR.TO
Draxos Capital Corp.,DRAX-P.V
MCI Onehealth Technologies Inc.,DRDR.TO
Dream Unlimited Corp.,DRM.TO
Dream Residential Real Estate Investment Trust,DRR-U.TO
DIRTT Environmental Solutions Ltd.,DRT.TO
Bright Minds Biosciences Inc.,DRUG.CN
ADF Group Inc.,DRX.TO
Dividend Select 15 Corp.,DS.TO
The Descartes Systems Group Inc.,DSG.TO
Denarius Metals Corp.,DSLV.V
Deep-South Resources Inc.,DSM.V
Dundee Sustainable Technologies Inc.,DST.CN
Discovery Silver Corp.,DSV.TO
Defence Therapeutics Inc.,DTC.CN
DAVIDsTEA Inc.,DTEA.V
D2L Inc.,DTOL.TO
D2 Lithium Corp.,DTWO.V
Dream Office Real Estate Investment Trust,D-UN.TO
Daura Capital Corp.,DUR-P.V
Dolly Varden Silver Corporation,DV.V
Divergent Energy Services Corp.,DVG.V
Danavation Technologies Corp.,DVN.CN
Diamond Estates Wines & Spirits Inc.,DWS.V
Dexterra Group Inc.,DXT.TO
dynaCERT Inc.,DYA.TO
Dynasty Gold Corp.,DYG.V
"Enterprise Group, Inc.",E.TO
Earth Alive Clean Technologies Inc.,EAC.V
East Side Games Group Inc.,EAGR.TO
East Africa Metals Inc.,EAM.V
Eat & Beyond Global Holdings Inc.,EATS.CN
Engineer Gold Mines Ltd.,EAU.V
Eastwood Bio-Medical Canada Inc.,EBM.V
Eagle Bay Resources Corp.,EBR.CN
Ecolomondo Corporation,ECM.V
ECN Capital Corp.,ECN.TO
EcoSynthetix Inc.,ECO.TO
Emerge Commerce Ltd.,ECOM.V
Ecora Resources PLC,ECOR.TO
Cartier Resources Inc.,ECR.V
Element 29 Resources Inc.,ECU.V
Edison Lithium Corp.,EDDY.V
Endurance Gold Corporation,EDG.V
Edgemont Gold Corp.,EDGM.CN
EDM Resources Inc.,EDM.V
Endeavour Silver Corp.,EDR.TO
Spectral Medical Inc.,EDT.TO
Endeavour Mining plc,EDV.TO
1844 Resources Inc.,EFF.V
Element Fleet Management Corp.,EFN.TO
Element Fleet Management Corp,EFN-PE.TO
Energy Fuels Inc.,EFR.TO
"EF EnergyFunders Ventures, Inc.",EFV.V
Enerflex Ltd.,EFX.TO
Enthusiast Gaming Holdings Inc.,EGLX.TO
EnGold Mines Ltd.,EGM.V
EGR Exploration Ltd.,EGR.V
Eguana Technologies Inc.,EGT.V
EYEFI Group Technologies Inc.,EGTI.CN
Exchange Income Corporation,EIF.TO
Canoe EIT Income Fund,EIT-UN.TO
Electra Battery Materials Corporation,ELBM.V
Elysee Development Corp.,ELC.V
Eldorado Gold Corporation,ELD.TO
Elemental Altus Royalties Corp.,ELE.V
Electric Royalties Ltd.,ELEC.V
Silver Elephant Mining Corp.,ELEF.TO
Element79 Gold Corp.,ELEM.CN
E-L Financial Corporation Limited,ELF.TO
E-L Financial Corp Ltd,ELF-PG.TO
Everybody Loves Languages Corp.,ELL.V
Element Nutritional Sciences Inc.,ELMT.CN
Eloro Resources Ltd.,ELO.TO
Eastern Platinum Limited,ELR.TO
Electrovaya Inc.,ELVA.TO
Elevation Gold Mining Corporation,ELVT.V
Emera Incorporated,EMA.TO
Emera Inc,EMA-PL.TO
Spark Energy Minerals Inc.,EMIN.CN
Electric Metals (USA) Limited,EML.V
Giyani Metals Corp.,EMM.V
Euro Manganese Inc.,EMN.V
Eminent Gold Corp.,EMNT.V
Emerita Resources Corp.,EMO.V
Empire Company Limited,EMP-A.TO
Empress Royalty Corp.,EMPR.V
EMP Metals Corp.,EMPS.CN
Emergent Metals Corp.,EMR.V
EMX Royalty Corporation,EMX.V
Enbridge Inc.,ENB.TO
Entheon Biomedical Corp.,ENBI.CN
Russell Australia High Dividend,ENB-PFE.TO
Enbridge Inc. CUM RED PFD 19,ENB-PFK.TO
Enbridge Inc,ENB-PH.TO
Horizons Canadian Oil and Gas Equity Covered Call ETF,ENCC.TO
Enduro Metals Corporation,ENDR.V
Enerev5 Metals Inc.,ENEV.V
Enghouse Systems Limited,ENGH.TO
Energy Income Fund,ENI-UN.TO
New Energy Metals Corp.,ENRG.V
Enertopia Corp.,ENRT.CN
E Split Corp.,ENS.TO
Entourage Health Corp.,ENTG.V
EnWave Corporation,ENW.V
Eco (Atlantic) Oil & Gas Ltd.,EOG.V
Eco Oro Minerals Corp.,EOM.CN
Eon Lithium Corp.,EON.V
EonX Technologies Inc.,EONX.CN
Euromax Resources Ltd.,EOX.TO
Everyday People Financial Corp.,EPF.V
1CM Inc.,EPIC.CN
Eagle Plains Resources Ltd.,EPL.V
Encanto Potash Corp.,EPO-H.V
E-Power Resources Inc,EPR.CN
Eupraxia Pharmaceuticals Inc.,EPRX.TO
Empower Clinics Inc.,EPW.CN
E-Play Digital Inc.,EPY.CN
EQ Inc.,EQ.V
EQB Inc.,EQB.TO
Equity Metals Corporation,EQTY.V
Equinox Gold Corp.,EQX.TO
Eagle Royalties Ltd.,ER.CN
Elcora Advanced Materials Corp.,ERA.V
Eros Resources Corp.,ERC.V
Erdene Resource Development Corporation,ERD.TO
European Residential Real Estate Investment Trust,ERE-UN.TO
Enerplus Corporation,ERF.TO
Eureka Lithium Corp.,ERKA.CN
Ero Copper Corp.,ERO.TO
EarthRenew Inc.,ERTH.CN
ESGold Corp.,ESAU.CN
ESE Entertainment Inc.,ESE.V
Ensign Energy Services Inc.,ESI.TO
Eskay Mining Corp.,ESK.V
Euro Sun Mining Inc.,ESM.TO
Essential Energy Services Ltd.,ESN.TO
E79 Resources Corp.,ESNR.CN
Hispania Resources Inc.,ESPN.V
Essex Minerals Inc.,ESX.V
Evertz Technologies Limited,ET.TO
Eastfield Resources Ltd.,ETF.V
Entrée Resources Ltd.,ETG.TO
Ether Capital Corporation,ETHC.NE
EnviroMetal Technologies Inc.,ETI.CN
E3 Lithium Limited,ETL.V
Etruscus Resources Corp.,ETR.CN
E2Gold Inc.,ETU.V
enCore Energy Corp.,EU.V
Europacific Metals Inc.,EUP.V
Evergold Corp.,EVER.V
EverGen Infrastructure Corp.,EVGN.V
EV Minerals Corporation,EVM.CN
EV Nickel Inc.,EVNI.V
Economic Investment Trust Limited,EVT.TO
EV Technology Group Ltd.,EVTG.NE
East West Petroleum Corp.,EW.V
Earthworks Industries Inc.,EWK.V
Environmental Waste International Inc.,EWS.V
Extendicare Inc.,EXE.TO
ExGen Resources Inc.,EXG.V
Excellon Resources Inc.,EXN.TO
Exro Technologies Inc.,EXRO.TO
Exro Technologies Inc,EXRO-WT.TO
Fountain Asset Corp.,FA.V
Fabled Copper Corp.,FABL.CN
Fairchild Gold Corp.,FAIR.V
FansUnite Entertainment Inc.,FANS.TO
abrdn Asia-Pacific Income Fund VCC,FAP.TO
Foraco International SA,FAR.TO
Deveron Corp.,FARM.V
Foremost Lithium Resource & Technology Ltd.,FAT.CN
Fab-Form Industries Ltd.,FBF.V
Firm Capital Mortgage Investment Corporation,FC.TO
Firm Capital Property Trust,FCD-UN.TO
Full Circle Lithium Corp.,FCLI.V
First Capital Real Estate Investment Trust,FCR-UN.TO
FAIRCOURT SPLIT TRUST - UNITS,FCS-UN.NE
Fission Uranium Corp.,FCU.TO
Farmers Edge Inc.,FDGE.TO
Findev Inc.,FDI.V
Fandifi Technology Corp.,FDM.CN
Founders Metals Inc.,FDR.V
Faraday Copper Corp.,FDY.TO
FE Battery Metals Corp.,FE.CN
Frontera Energy Corporation,FEC.TO
Forstrong Emerging Markets Equity ETF,FEME.TO
FenixOro Gold Corp.,FENX.CN
Oceanic Iron Ore Corp.,FEO.V
Fjordland Exploration Inc.,FEX.V
First Mining Gold Corp.,FF.TO
55 North Mining Inc.,FFF.CN
Fairfax Financial Holdings Limited,FFH.TO
North American Financial 15 Split Corp.,FFN.TO
North American Financial 15 Split Corp,FFN-PA.TO
4Front Ventures Corp.,FFNT.CN
FireFox Gold Corp.,FFOX.V
Falcon Gold Corp.,FG.V
FG Acquisition Corp.,FGAA-U.TO
First and Goal Capital Corp.,FGCC-P.V
Forstrong Global Growth Fund,FGRW.TO
FAIRCOURT GOLD INCOME CORP.,FGX.NE
Filament Health Corp.,FH.NE
First Hydrogen Corp.,FHYD.V
Fairfax India Holdings Corporation,FIH-U.TO
Filo Corp.,FIL.TO
European Energy Metals Corp.,FIN.V
Forstrong Global Income ETF,FINC.TO
Baselode Energy Corp.,FIND.V
Forstrong Global Ex-North America Equity ETF,FINE.TO
Sailfish Royalty Corp.,FISH.V
Koios Beverage Corp.,FIT.CN
Fokus Mining Corporation,FKM.V
Frontier Lithium Inc.,FL.V
First Lithium Minerals Corp.,FLM.CN
Flint Corp.,FLNT.TO
Flow Beverage Corp.,FLOW.TO
Drone Delivery Canada Corp.,FLT.V
FLYHT Aerospace Solutions Ltd.,FLY.V
Flying Nickel Mining Corp.,FLYN.V
First Quantum Minerals Ltd.,FM.TO
Fraser Mackenzie Accelerator Corp.,FMAC-P.V
Freeman Gold Corp.,FMAN.V
Forum Energy Metals Corp.,FMC.V
Fidelity Minerals Corp.,FMN.V
Focus Graphite Inc.,FMS.V
First National Financial Corporation,FN.TO
Four Nines Gold Inc.,FNAU.CN
Fancamp Exploration Ltd.,FNC.V
FendX Technologies Inc.,FNDX.CN
Fathom Nickel Inc.,FNI.CN
First National Financial Corp,FN-PB.TO
Fineqia International Inc.,FNQ.CN
49 North Resources Inc.,FNR.V
Franco-Nevada Corporation,FNV.TO
Falcon Oil & Gas Ltd.,FO.V
Fobi AI Inc.,FOBI.V
Foran Mining Corporation,FOM.TO
Goodfood Market Corp.,FOOD.TO
Fortune Bay Corp.,FOR.V
VerticalScope Holdings Inc.,FORA.TO
Forza Petroleum Limited,FORZ.TO
Fox River Resources Corporation,FOX.CN
FP Newspapers Inc.,FP.V
Falco Resources Ltd.,FPC.V
FPX Nickel Corp.,FPX.V
First Majestic Silver Corp.,FR.TO
Friday's Dog Holdings Inc.,FRDY.V
Fremont Gold Ltd.,FRE.V
Fredonia Mining Inc.,FRED.V
Free Battery Metal Limited,FREE.CN
Frequency Exchange Corp.,FREQ.V
Freeport Resources Inc.,FRI.V
FRNT Financial Inc.,FRNT.V
The Fresh Factory B.C. Ltd.,FRSH.CN
Freehold Royalties Ltd.,FRU.TO
FRX Innovations Inc.,FRXI.V
FirstService Corporation,FSV.TO
Fosterville South Exploration Ltd.,FSX.V
Forsys Metals Corp.,FSY.TO
Fiera Capital Corporation,FSZ.TO
Fortune Minerals Limited,FT.TO
Fintech Select Ltd.,FTEC.V
First Tellurium Corp.,FTEL.CN
Firan Technology Group Corporation,FTG.TO
FTI Foodtech International Inc.,FTI.V
Fort St. James Nickel Corp.,FTJ.V
Financial 15 Split Corp.,FTN.TO
Financial 15 Split Corp,FTN-PA.TO
Finning International Inc.,FTT.TO
US Financial 15 Split Corp,FTU.TO
PlantFuel Life Inc.,FUEL.CN
Katipult Technology Corp.,FUND.V
Fury Gold Mines Limited,FURY.TO
Fuse Battery Metals Inc.,FUSE.V
Gold'n Futures Mineral Corp.,FUTR.CN
F3 Uranium Corp.,FUU.V
Fortuna Silver Mines Inc.,FVI.TO
Freegold Ventures Limited,FVL.TO
Flow Capital Corp.,FW.V
Flow Metals Corp.,FWM.CN
Forward Water Technologies Corp.,FWTC.V
Fireweed Metals Corp.,FWZ.V
Finlay Minerals Ltd.,FYL.V
Forza Lithium Corp.,FZ.CN
Augusta Gold Corp.,G.TO
General Assembly Holdings Limited,GA.V
GABY Inc.,GABY.CN
Galantas Gold Corporation,GAL.V
Gama Explorations Inc.,GAMA.CN
"GameSquare Holdings, Inc.",GAME.V
Gander Gold Corporation,GAND.CN
Green Arrow Resources Inc.,GAR-H.V
NG Energy International Corp.,GASX.V
"Gatos Silver, Inc.",GATO.TO
Galiano Gold Inc.,GAU.TO
Monarch Mining Corporation,GBAR.TO
GreenBank Capital Inc.,GBC.CN
Graph Blockchain Inc.,GBLC.CN
GBLT Corp.,GBLT.V
Global Battery Metals Ltd.,GBML.V
Gold Bull Resources Corp.,GBRC.V
BMTC Group Inc.,GBT.TO
Gabriel Resources Ltd.,GBU.V
Golden Cariboo Resources Ltd.,GCC.V
Guardian Capital Group Limited,GCG.TO
Colabor Group Inc.,GCL.TO
Goldcliff Resource Corporation,GCN.V
Green Shift Commodities Ltd.,GCOM.V
Golcap Resources Corp.,GCP.CN
Granite Creek Copper Ltd.,GCX.V
Genesis Land Development Corp.,GDC.TO
GDI Integrated Facility Services Inc.,GDI.TO
Gold Digger Resources Inc.,GDIG.CN
Goodfellow Inc.,GDL.TO
Goldstar Minerals Inc.,GDM.V
good natured Products Inc.,GDNP.V
"Goodness Growth Holdings, Inc.",GDNS.CN
Global Dividend Growth Split Corp.,GDV.TO
Goldex Resources Corporation,GDX.V
Global Education Communities Corp.,GEC.TO
Great Eagle Gold Corp.,GEGC.CN
Gibson Energy Inc.,GEI.TO
Graphano Energy Ltd.,GEL.V
Green Battery Minerals Inc.,GEM.V
Global Energy Metals Corporation,GEMC.V
Infinity Stone Ventures Corp.,GEMS.CN
Genius Metals Inc.,GENI.V
Generation Mining Limited,GENM.TO
Genix Pharmaceuticals Corporation,GENX.V
Geodrill Limited,GEO.TO
Glen Eagle Resources Inc.,GER.V
GameOn Entertainment Technologies Inc.,GET.CN
G.E.T.T. Gold Inc.,GETT.V
The Good Flour Corp.,GFCO.CN
GFG Resources Inc,GFG.V
GFL Environmental Inc.,GFL.TO
Good2Go4 Corp.,GFOR-P.V
GreenFirst Forest Products Inc.,GFP.TO
Golconda Gold Ltd.,GG.V
Generic Gold Corp.,GGC.CN
GoGold Resources Inc.,GGD.TO
G6 Materials Corp.,GGG.V
Garibaldi Resources Corp.,GGI.V
GGL Resources Corp.,GGL.V
General Copper Gold Corp.,GGLD.CN
Granada Gold Mine Inc.,GGM.V
Galleon Gold Corp.,GGO.V
GGX Gold Corp.,GGX.V
Gamehost Inc.,GH.TO
Global Hemp Group Inc.,GHG.CN
Goldhills Holding Ltd.,GHL.V
CGI Inc.,GIB-A.TO
XAU Resources Inc.,GIG.V
Giga Metals Corporation,GIGA.V
ReGen III Corp.,GIII.V
Gildan Activewear Inc.,GIL.TO
Green Impact Partners Inc.,GIP.V
Gitennes Exploration Inc.,GIT.V
Givex Corp.,GIVX.TO
Geekco Technologies Corporation,GKO.V
Gemina Laboratories Ltd.,GLAB.CN
Gladiator Metals Corp.,GLAD.V
Glass House Brands Inc.,GLAS-A.NE
Goldbank Mining Corporation,GLB.V
Horizons Gold Producer Equity Covered Call ETF,GLCC.TO
GoldON Resources Ltd.,GLD.V
Cassiar Gold Corp.,GLDC.V
Gold Line Resources Ltd.,GLDL.V
Golden Ridge Resources Ltd.,GLDN.V
Golden Spike Resources Corp.,GLDS.CN
GLG Life Tech Corporation,GLG.TO
Golden Lake Exploration Inc.,GLM.CN
Global Atomic Corporation,GLO.TO
Glow Lifetech Corp.,GLOW.CN
Galaxy Digital Holdings Ltd.,GLXY.TO
Geomega Resources Inc.,GMA.V
Graphene Manufacturing Group Ltd,GMG.V
G Mining Ventures Corp.,GMIN.V
Gamelancer Media Corp.,GMNG.TO
Gelum Resources Ltd.,GMR.CN
Gold Mountain Mining Corp.,GMTN.TO
GMV Minerals Inc.,GMV.V
Globex Mining Enterprises Inc.,GMX.TO
genifi inc.,GNFI.V
Golden Goliath Resources Ltd.,GNG.V
GOAT Industries Ltd.,GOAT.CN
Go Metals Corp.,GOCO.CN
Goldflare Exploration Inc.,GOFL.V
Golden Tag Resources Ltd.,GOG.V
GoldHaven Resources Corp.,GOH.CN
GoldMining Inc.,GOLD.TO
Good Gamer Entertainment Inc.,GOOD.V
Alphabet Inc.,GOOG.NE
Canada Goose Holdings Inc.,GOOS.TO
Goldrea Resources Corp.,GOR.CN
Goliath Resources Limited,GOT.V
Grande Portage Resources Ltd.,GPG.V
Graphite One Inc.,GPH.V
GPM Metals Inc.,GPM.V
Gold Port Corporation,GPO.CN
GreenPower Motor Company Inc.,GPV.V
Great Quest Fertilizer Ltd.,GQ.V
Goldquest Mining Corp.,GQC.V
Great Atlantic Resources Corp.,GR.V
NanoXplore Inc.,GRA.TO
Gold Flora Corporation,GRAM.NE
Gratomic Inc.,GRAT.V
Graycliff Exploration Limited,GRAY.CN
Greenbriar Capital Corp.,GRB.V
Gold Springs Resource Corp.,GRC.TO
Geologica Resource Corp.,GRCM.CN
Grounded Lithium Corp.,GRD.V
Grid Metals Corp.,GRDM.V
Madison Metals Inc.,GREN.CN
Green Rise Foods Inc.,GRF.V
Golden Arrow Resources Corporation,GRG.V
Greenhawk Resources Inc.,GRHK.CN
Galore Resources Inc.,GRI.V
Tantalus Systems Holding Inc.,GRID.TO
Grown Rogue International Inc.,GRIN.CN
Greenlane Renewables Inc.,GRN.TO
CO2 Gro Inc.,GROW.V
GR Silver Mining Ltd.,GRSL.V
Granite Real Estate Investment Trust,GRT-UN.TO
Weekapaug Lithium Limited,GRUV.CN
Grosvenor CPC I Inc.,GRVA-P.V
Gold Reserve Inc.,GRZ.V
"The Goldman Sachs Group, Inc.",GS.NE
Devonian Health Group Inc.,GSD.V
Goldshore Resources Inc.,GSHR.V
Gatekeeper Systems Inc.,GSI.V
Goldseek Resources Inc.,GSK.CN
Gensource Potash Corporation,GSP.V
GSP Resource Corp.,GSPR.V
Golden Shield Resources Inc.,GSRI.CN
Gossan Resources Limited,GSS.V
Goldstorm Metals Corp.,GSTM.V
Guanajuato Silver Company Ltd.,GSVR.V
goeasy Ltd.,GSY.TO
Getty Copper Inc.,GTC.V
Getchell Gold Corp.,GTCH.CN
Gran Tierra Energy Inc.,GTE.TO
Green Thumb Industries Inc.,GTII.CN
G2 Energy Corp.,GTOO.CN
G2 Goldfields Inc.,GTWO.V
Knight Therapeutics Inc.,GUD.TO
Gungnir Resources Inc.,GUG.V
Gunpoint Exploration Ltd.,GUN.V
GURU Organic Energy Corp.,GURU.TO
Angus Gold Inc.,GUS.V
Glacier Media Inc.,GVC.TO
Grosvenor Resource Corporation,GVR.V
Gowest Gold Ltd.,GWA.V
Greenway Greenhouse Cannabis Corporation,GWAY.CN
Galway Metals Inc.,GWM.V
Great-West Lifeco Inc.,GWO.TO
Global Wellness Strategies Inc.,GWS.CN
Guardian Exploration Inc.,GX.V
Gear Energy Ltd.,GXE.TO
Goldsource Mines Inc.,GXS.V
GoviEx Uranium Inc.,GXU.V
Gold Basin Resources Corporation,GXX.V
Galaxy Ventures Inc.,GXY-P.V
TUT Fitness Group Inc.,GYM.V
Grizzly Discoveries Inc.,GZD.V
Hydro One Limited,H.TO
Haivision Systems Inc.,HAI.TO
Highwood Asset Management Ltd.,HAM.V
Silver Hammer Mining Corp.,HAMR.CN
Highwood Asset Management Ltd,HAM-WT.V
Hannan Metals Ltd.,HAN.V
Hank Payments Corp.,HANK.V
"Hapbee Technologies, Inc.",HAPB.V
Harfang Exploration Inc.,HAR.V
Harrys Manufacturing Inc.,HARY.CN
HAVN Life Sciences Inc.,HAVN.CN
Happy Belly Food Group Inc.,HBFG.CN
Highbank Resources Ltd.,HBK.V
Hudbay Minerals Inc.,HBM.TO
Helix BioPharma Corp.,HBP.TO
Hypercharge Networks Corp.,HC.NE
Home Capital Group Inc.,HCG.TO
Hot Chili Limited,HCH.V
Highcliff Metals Corp.,HCM-H.V
Hansco Capital Corp.,HCO-P.V
Horizon Copper Corp.,HCU.V
"The Home Depot, Inc.",HD.NE
Hillcrest Energy Technologies Ltd.,HEAT.CN
Global Helium Corp.,HECO.CN
Peak Discovery Capital Ltd.,HE-H.V
First Helium Inc.,HELI.V
Hemostemix Inc.,HEM.V
H2O Innovation Inc.,HEO.TO
Herbal Dispatch Inc.,HERB.CN
Hercules Resources Corp.,HERC.CN
Helium Evolution Incorporated,HEVI.V
Helios Fairfax Partners Corporation,HFPC-U.TO
HydroGraph Clean Power Inc.,HG.CN
Hammerhead Energy Inc.,HHRS.TO
Highland Copper Company Inc.,HI.V
Hydaway Ventures Corp.,HIDE-P.V
HighGold Mining Inc.,HIGH.V
Hill Incorporated,HILL.V
High Tide Inc.,HITI.V
HIVE Digital Technologies Ltd.,HIVE.V
High Liner Foods Incorporated,HLF.TO
HLS Therapeutics Inc.,HLS.TO
Huntsman Exploration Inc.,HMAN.V
Humble & Fume Inc.,HMBL.CN
High Mountain 2 Capital Corporation,HMCC-P.V
Hemisphere Energy Corporation,HME.V
Heritage Mining Ltd.,HML.CN
Hemlo Explorers Inc.,HMLO.V
Hammond Manufacturing Company Limited,HMM-A.TO
"The Hempshire Group, Inc.",HMPG.V
Hempsana Holdings Ltd.,HMPS.CN
Homerun Resources Inc.,HMR.V
Cypherpunk Holdings Inc.,HODL.CN
Immutable Holdings Inc.,HOLD.NE
BSR Real Estate Investment Trust,HOM-U.TO
Honeywell International Inc.,HON.NE
H2 Ventures 1 Inc.,HO-P.V
Sensible Meats Inc.,HOTD.NE
American Hotel Income Properties REIT LP,HOT-U.TO
Halcones Precious Metals Corp.,HPM.V
HPQ Silicon Inc.,HPQ.V
Hammond Power Solutions Inc.,HPS-A.TO
Happy Creek Minerals Ltd.,HPY.V
Stans Energy Corp.,HRE-H.V
Australian REIT Income Fund,HRR-UN.TO
H&R Real Estate Investment Trust,HR-UN.TO
Héroux-Devtek Inc.,HRX.TO
HS GovTech Solutions Inc.,HS.CN
Heliostar Metals Ltd.,HSTR.V
HTC Purenergy Inc.,HTC.V
Hamilton Thorne Ltd.,HTL.V
High Tide Resources Corp.,HTRC.CN
Hudson Resources Inc.,HUD.V
FSD Pharma Inc.,HUGE.CN
Gold Hunter Resources Inc.,HUNT.CN
Hut 8 Mining Corp.,HUT.TO
Harvest Gold Corporation,HVG.V
Headwater Gold Inc.,HWG.CN
High Arctic Energy Services Inc,HWO.TO
Headwater Exploration Inc.,HWX.TO
Highway 50 Gold Corp.,HWY.V
HYTN Innovations Inc.,HYTN.CN
Hertz Lithium Inc.,HZ.CN
Horizonte Minerals Plc,HZM.TO
Hertz Lithium Inc,HZ-WT.CN
iA Financial Corporation Inc.,IAG.TO
infinitii ai inc.,IAI.CN
"iAnthus Capital Holdings, Inc.",IAN.CN
i-80 Gold Corp.,IAU.TO
IBC Advanced Alloys Corp.,IB.V
International Battery Metals Ltd.,IBAT.CN
Indigenous Bloom Hemp Corp.,IBH.CN
International Business Machines Corporation,IBM.NE
Universal Ibogaine Inc.,IBO.V
IBEX Technologies Inc.,IBT.V
IC Capitalight Corp.,IC.CN
Canlan Ice Sports Corp.,ICE.TO
Iconic Minerals Ltd.,ICM.V
International Iconic Gold Exploration Corp.,ICON.V
Identillect Technologies Corp.,ID.V
Indigo Books & Music Inc.,IDG.TO
ThreeD Capital Inc.,IDK.CN
Ivanhoe Electric Inc.,IE.TO
iFabric Corp.,IFA.TO
Intact Financial Corporation,IFC.TO
Itafos Inc.,IFOS.V
Interfor Corporation,IFP.TO
Interfield Global Software Inc.,IFSS.NE
Imaflex Inc.,IFX.V
Golden Independence Mining Corp.,IGLD.CN
IGM Financial Inc.,IGM.TO
Independence Gold Corp.,IGO.V
Imperial Ginseng Products Ltd.,IGP.V
IntelGenx Technologies Corp.,IGX.TO
Imperial Metals Corporation,III.TO
InterRent Real Estate Investment Trust,IIP-UN.TO
International Lithium Corp.,ILC.V
Imagine Lithium Inc.,ILI.V
illumin Holdings Inc.,ILLM.TO
IM Cannabis Corp.,IMCC.CN
Interra Copper Corp.,IMCX.CN
Imagin Medical Inc.,IME.CN
IAMGOLD Corporation,IMG.TO
International Metals Mining Corp.,IMM.V
Imperial Oil Limited,IMO.TO
Intermap Technologies Corporation,IMP.TO
iMetal Resources Inc.,IMR.V
Inca One Gold Corp.,INCA.V
InterCure Ltd.,INCR-U.TO
Income Financial Trust,INC-UN.TO
Innergex Renewable Energy Inc.,INE.TO
INEO Tech Corp.,INEO.V
Innergex Renewable Energy Inc,INE-PC.TO
Infield Minerals Corp.,INFD.V
Infinitum Copper Corp.,INFI.V
InnoCan Pharma Corporation,INNO.CN
Inovalis Real Estate Investment Trust,INO-UN.TO
Inspire Semiconductor Holdings Inc.,INSP.V
Intel Corporation,INTC.NE
Intrepid Metals Corp.,INTR.V
Intouch Insight Ltd.,INX.V
"The INX Digital Company, Inc.",INXD.NE
Ion Energy Ltd.,ION.V
Innovotech Inc.,IOT.V
IOU Financial Inc.,IOU.V
ImagineAR Inc.,IP.CN
Intellipharmaceutics International Inc.,IPCI.TO
International Petroleum Corporation,IPCO.TO
Imperial Mining Group Ltd.,IPG.V
InPlay Oil Corp.,IPO.TO
IMPACT Silver Corp.,IPT.V
AirIQ Inc.,IQ.V
IEMR Resources Inc.,IRI.V
Inter-Rock Minerals Inc.,IRO.V
Irving Resources Inc.,IRV.CN
iSIGN Media Solutions Inc.,ISD.V
InsuraGuest Technologies Inc.,ISGI.V
ISM Resources Corp.,ISM.CN
IsoEnergy Ltd.,ISO.V
Information Services Corporation,ISV.TO
i3 Energy Plc,ITE.TO
International Tower Hill Mines Ltd.,ITH.TO
Integra Resources Corp.,ITR.V
Ivanhoe Mines Ltd.,IVN.TO
Invesque Inc.,IVQ.TO
Inventus Mining Corp.,IVS.V
Inventronics Limited,IVX.V
"Irwin Naturals, Inc.",IWIN.CN
Indigo Exploration Inc.,IXI.V
International Zeolite Corp.,IZ.V
InZinc Mining Ltd.,IZN.V
Izotropic Corporation,IZO.CN
International Prospect Ventures Ltd.,IZZ.V
Lotus Ventures Inc.,J.CN
Jaguar Mining Inc.,JAG.TO
Jaxon Mining Inc.,JAX.V
James Bay Resources Limited,JBR.CN
Jayden Resources Inc.,JDN.V
Global Crossing Airlines Group Inc.,JET.NE
Jericho Energy Ventures Inc.,JEV.V
JFT Strategies Fund,JFS-UN.TO
Japan Gold Corp.,JG.V
Jackpot Digital Inc.,JJ.V
J4 Ventures Inc.,JJJJ-P.V
Just Kitchen Holdings Corp.,JK.V
Kings Entertainment Group Inc.,JKPT.CN
Jack Nathan Medical Corp.,JNH.V
Jolt Health Inc.,JOLT.CN
Journey Energy Inc.,JOY.TO
Jasper Commerce Inc.,JPIM.V
JPMorgan Chase & Co.,JPM.NE
79North Inc.,JQ.CN
Jervois Global Limited,JRV.V
Majuba Hill Copper Corp.,JUBA.CN
Juggernaut Exploration Ltd.,JUGR.V
Leveljump Healthcare Corp.,JUMP.V
Jushi Holdings Inc.,JUSH.CN
JVR Ventures Inc.,JVR-P.V
Jamieson Wellness Inc.,JWEL.TO
JZR Gold Inc.,JZR.V
Kinross Gold Corporation,K.TO
Kalma Capital Corp.,KALM-P.V
Kalo Gold Corp.,KALO.V
Kapa Gold Inc.,KAPA.V
K-Bro Linen Inc.,KBL.TO
Kutcho Copper Corp.,KC.V
Kincora Copper Limited,KCC.V
American Potash Corp.,KCL.CN
KDA Group Inc.,KDA.V
Kodiak Copper Corp.,KDK.V
Kadestone Capital Corp.,KDSX.V
Kiwetinohk Energy Corp.,KEC.TO
The Keg Royalties Income Fund,KEG-UN.TO
Kolibri Global Energy Inc.,KEI.TO
Kelt Exploration Ltd.,KEL.TO
Kesselrun Resources Ltd.,KES.V
Keyera Corp.,KEY.TO
Kingfisher Metals Corp.,KFR.V
Klondike Gold Corp.,KG.V
Kestrel Gold Inc.,KGC.V
KGL Resources Ltd.,KGL-H.V
Kingman Minerals Ltd.,KGS.V
Kiboko Gold Inc.,KIB.V
King Global Ventures Inc.,KING.V
Kiplin Metals Inc.,KIP.V
Kits Eyecare Ltd.,KITS.TO
Kenorland Minerals Ltd.,KLD.V
Kirkland Lake Discoveries Corp.,KLDC.V
Kermode Resources Ltd.,KLM.V
Kelso Technologies Inc.,KLS.TO
Klimat X Developments Inc.,KLX.V
Killam Apartment REIT,KMP-UN.TO
K9 Gold Corp.,KNC.V
Kane Biotech Inc.,KNE.V
Kingsmen Resources Ltd.,KNG.V
Kontrol Technologies Corp.,KNR.NE
K92 Mining Inc.,KNT.TO
KORE Mining Ltd.,KORE.V
Kovo HealthTech Corporation,KOVO.V
KP Tissue Inc.,KPT.TO
Kobo Resources Inc.,KRI.V
Kainantu Resources Ltd.,KRL.V
Karnalyte Resources Inc.,KRN.TO
Karora Resources Inc.,KRR.TO
Klondike Silver Corp.,KS.V
"kneat.com, inc.",KSI.TO
Alset Capital Inc.,KSUM-H.V
Kootenay Silver Inc.,KTN.V
K2 Gold Corporation,KTO.V
Kintavar Exploration Inc.,KTR.V
RediShred Capital Corp.,KUT.V
Kuuhubb Inc.,KUU.V
Kuya Silver Corporation,KUYA.CN
Kingsview Minerals Ltd.,KVM.CN
KWESST Micro Systems Inc.,KWE.V
Kinaxis Inc.,KXS.TO
Kaymus Resources Inc.,KYS-H.V
Kaizen Discovery Inc.,KZD.V
Loblaw Companies Limited,L.TO
Los Andes Copper Ltd.,LA.V
Labrador Gold Corp.,LAB.V
MediPharm Labs Corp.,LABS.TO
Lithium Americas Corp.,LAC.TO
Laramide Resources Ltd.,LAM.TO
Cumberland Resources Nickel Corp.,LAND.CN
Lassonde Industries Inc.,LAS-A.TO
Laurentian Bank of Canada,LB.TO
Libero Copper & Gold Corporation,LBC.V
Lions Bay Capital Inc.,LBI.V
LithiumBank Resources Corp.,LBNK.V
Life & Banc Split Corp.,LBS.TO
Life & Banc Split Corp,LBS-PA.TO
Century Lithium Corp.,LCE.V
Tidewater Renewables Ltd.,LCFS.TO
Lancaster Resources Inc.,LCR.CN
Brompton Lifeco Split Corp.,LCS.TO
Brompton Lifeco Split Corp,LCS-PA.TO
Lycos Energy Inc.,LCX.V
Leocor Gold Inc.,LECR.CN
Leef Brands Inc.,LEEF.CN
Leading Edge Materials Corp.,LEM.V
Lion Copper and Gold Corp.,LEO.V
The Lion Electric Company,LEV.TO
Longhorn Exploration Corp.,LEX.V
Lithium Energi Exploration Inc.,LEXI.V
Canadian Life Companies Split Corp.,LFE.TO
Lifeist Wellness Inc.,LFST.V
Lahontan Gold Corp.,LG.V
Lavras Gold Corp.,LGC.V
Liberty Gold Corp.,LGD.TO
Logan Energy Corp.,LGN.V
Largo Inc.,LGO.TO
Logistec Corporation,LGT-B.TO
American Lithium Corp.,LI.V
Labrador Iron Ore Royalty Corporation,LIF.TO
Li-FT Power Ltd.,LIFT.CN
Li3 Lithium Corp.,LILI.V
Li-Metal Corp.,LIM.CN
Lion One Metals Limited,LIO.V
Global Li-Ion Graphite Corp.,LION.CN
Lion One Metals Ltd,LIO-WT.V
Lithium Royalty Corp.,LIRC.TO
Lithium South Development Corporation,LIS.V
Argentina Lithium & Energy Corp.,LIT.V
"SpotLite360 IOT Solutions, Inc.",LITE.CN
Lithium Chile Inc.,LITH.V
Right Season Investments Corp.,LITT.V
Live Energy Minerals Corp.,LIVE.CN
Lucky Minerals Inc.,LKY.V
Canada Rare Earth Corp.,LL.V
Mason Graphite Inc.,LLG.V
Lithium Lion Metals Inc.,LLM.CN
Laurion Mineral Exploration Inc.,LME.V
Lumine Group Inc.,LMN.V
Lomiko Metals Inc.,LMR.V
Latin Metals Inc.,LMS.V
Loncor Gold Inc.,LN.TO
Leon's Furniture Limited,LNF.TO
Linamar Corporation,LNR.TO
Lobe Sciences Ltd.,LOBE.CN
Lithium One Metals Inc.,LONE.V
St. James Gold Corp.,LORD.V
TomaGold Corporation,LOT.V
Delota Corp.,LOTA.CN
Lucero Energy Corp.,LOU.V
Cannara Biotech Inc.,LOVE.V
Lowell Farms Inc.,LOWL.CN
Leopard Lake Gold Corp.,LP.CN
Loop Energy Inc.,LPEN.TO
Legend Power Systems Inc.,LPS.V
LQWD Technologies Corp.,LQWD.V
Luminex Resources Corp.,LR.V
Lara Exploration Ltd.,LRA.V
Lightspeed Commerce Inc.,LSPD.TO
LifeSpeak Inc.,LSPK.TO
Lodestar Battery Metals Corp.,LSTR.V
Lithium Ionic Corp.,LTH.V
Champion Electric Metals Inc.,LTHM.CN
Leonovus Inc.,LTV.V
Labrador Resources Inc.,LTX.V
Lucara Diamond Corp.,LUC.TO
Luca Mining Corp.,LUCA.V
Real Luck Group Ltd.,LUCK.V
Lundin Gold Inc.,LUG.TO
Lumina Gold Corp.,LUM.V
Lundin Mining Corporation,LUN.TO
Latitude Uranium Inc.,LUR.CN
Newlox Gold Ventures Corp.,LUX.CN
Luxxfolio Holdings Inc.,LUXX.CN
Level 14 Ventures Ltd.,LVL.CN
Leviathan Gold Ltd.,LVX.V
Lake Winn Resources Corp.,LWR.V
Lincoln Ventures Ltd.,LX-H.V
"LXRandCo, Inc.",LXR.TO
Myriad Uranium Corp.,M.CN
Mastercard Incorporated,MA.NE
Maritime Resources Corp.,MAE.V
MAG Silver Corp.,MAG.TO
Marksmen Energy Inc.,MAH.V
Minera Alamos Inc.,MAI.V
Makara Mining Corp.,MAKA.CN
Magellan Aerospace Corporation,MAL.TO
Manning Ventures Inc.,MANN.CN
Maple Peak Investments Inc.,MAP.V
ProStar Holdings Inc.,MAPS.V
Marimaca Copper Corp.,MARI.TO
Marwest Apartment Real Estate Investment Trust,MAR-UN.V
Marvel Discovery Corp.,MARV.V
Mary Agrotechnologies Inc.,MARY.CN
MAS Gold Corp.,MAS.V
MAS GOLD CORP RTS,MAS-RT.V
Masivo Silver Corp.,MASS.V
Blockmate Ventures Inc.,MATE.V
Shawcor Ltd.,MATR.TO
Montage Gold Corp.,MAU.V
MAV Beauty Brands Inc.,MAV.TO
Mawson Gold Limited,MAW.TO
Max Resource Corp.,MAX.V
Maritime Launch Services Inc.,MAXQ.NE
Max Power Mining Corp.,MAXX.CN
Mazarin Inc.,MAZ-H.V
MindBio Therapeutics Corp.,MBIO.CN
Mobilum Technologies Inc.,MBLM.CN
Microbix Biosystems Inc.,MBX.TO
McCoy Global Inc.,MCB.TO
McDonald's Corp,MCDS.NE
MCF Energy Ltd.,MCF.V
Minnova Corp.,MCI.V
McLaren Resources Inc.,MCL.CN
McChip Resources Inc.,MCS.V
Mega Copper Ltd.,MCU.V
MCX Technologies Corporation,MCX.V
Midland Exploration Inc.,MD.V
MDA Ltd.,MDA.TO
mdf commerce inc.,MDF.TO
Major Drilling Group International Inc.,MDI.TO
Medallion Resources Ltd.,MDL.V
Madoro Metals Corp.,MDM.V
Pharmala Biotech Holdings Inc.,MDMA.CN
Medicenna Therapeutics Corp.,MDNA.TO
Medexus Pharmaceuticals Inc.,MDP.TO
Healthcare Special Opportunities Fund,MDS-UN.TO
MedX Health Corp,MDX.V
Moneta Gold Inc.,ME.TO
Nabati Foods Global Inc.,MEAL.CN
Modern Plant Based Foods Inc.,MEAT.CN
Medaro Mining Corp.,MEDA.CN
Medivolve Inc.,MEDV.NE
Midwest Energy Emissions Corp.,MEEC.V
MEG Energy Corp.,MEG.TO
MegaWatt Lithium and Battery Metals Corp.,MEGA.CN
Metals Creek Resources Corp.,MEK.V
Mene Inc.,MENE.V
Mainstreet Equity Corp.,MEQ.TO
Metal Energy Corp.,MERG.V
Metalore Resources Limited,MET.V
"Meta Platforms, Inc.",META.NE
Metalite Resources Inc.,METL.CN
Mexican Gold Mining Corp.,MEX.V
Manulife Financial Corporation,MFC.TO
Mayfair Gold Corp.,MFG.V
Maple Leaf Foods Inc.,MFI.TO
Magna International Inc.,MG.TO
Mega Uranium Ltd.,MGA.TO
Midasco Capital Corp.,MGC-H.V
Minaurum Gold Inc.,MGG.V
Magnum Goldcorp Inc.,MGI.V
Maple Gold Mines Ltd.,MGM.V
MustGrow Biologics Corp.,MGRO.V
Maple Leaf Green World Inc.,MGW.CN
Minehub Technologies Inc.,MHUB.V
Sagen MI Canada Inc.,MIC-PA.TO
MINT Income Fund,MID-UN.TO
Plant Veda Foods Ltd.,MILK.CN
MiMedia Holdings Inc.,MIM.V
Excelsior Mining Corp.,MIN.TO
Inomin Mines Inc.,MINE.V
Mink Ventures Corporation,MINK.V
MedMira Inc.,MIR.V
Minera IRL Limited,MIRL.CN
Mistango River Resources Inc.,MIS.CN
Minto Apartment Real Estate Investment Trust,MI-UN.TO
Maven Brands Inc.,MJ.CN
Mijem Newcomm Tech Inc.,MJEM.CN
Vertical Peak Holdings Inc.,MJMJ.CN
Majestic Gold Corp.,MJS.V
Mkango Resources Ltd.,MKA.V
Mako Mining Corp.,MKO.V
MCAN Mortgage Corporation,MKP.TO
Melkior Resources Inc.,MKR.V
DeepMarkit Corp.,MKT.V
Mackenzie Master Limited Partnership,MKZ-UN.TO
Mount Logan Capital Inc.,MLC.NE
Molecule Holdings Inc.,MLCL.CN
McFarlane Lake Mining Limited,MLM.NE
Millennial Potash Corp.,MLP.V
Metallica Metals Corp.,MM.CN
Midnight Sun Mining Corp.,MMA.V
Metamaterial Exchangeco Inc.,MMAX.CN
Mind Medicine (MindMed) Inc.,MMED.NE
MedMen Enterprises Inc.,MMEN.CN
Miata Metals Corp.,MMET.CN
Marret Multi-Strategy Income Fund,MMF-UN.CN
Metallic Minerals Corp.,MMG.V
Moonbound Mining Ltd.,MML.CN
Minco Capital Corp.,MMM.V
Monarca Minerals Inc.,MMN.V
Precious Metals and Mining Trust,MMP-UN.TO
Macarthur Minerals Limited,MMS.V
Mineral Mountain Resources Ltd.,MMV.V
Monument Mining Limited,MMY.V
Manganese X Energy Corp.,MN.V
Mandalay Resources Corporation,MND.TO
Mongoose Mining Ltd.,MNG.CN
MiniLuxe Holding Corp.,MNLX.V
Meridian Mining UK Societas,MNO.TO
Mednow Inc.,MNOW.V
Monumental Minerals Corp.,MNRL.V
Mantaro Precious Metals Corp.,MNTR.V
Mosaic Minerals Corp.,MOC.CN
Mogo Inc.,MOGO.TO
Molten Metals Corp,MOLT.CN
Greenland Resources Inc.,MOLY.NE
Montero Mining and Exploration Ltd.,MON.V
Montfort Capital Corp.,MONT.V
Doseology Sciences Inc.,MOOD.CN
Blue Moon Metals Inc.,MOON.V
Bettermoo(d) Food Corporation,MOOO.CN
Moon River Capital Ltd.,MOO-P.V
Moss Genomics Inc.,MOSS.CN
Powertap Hydrogen Capital Corp.,MOVE.NE
Morien Resources Corp.,MOX.V
Marathon Gold Corporation,MOZ.TO
Madison Pacific Properties Inc.,MPC.TO
Dream Impact Trust,MPCT-UN.TO
Medicure Inc.,MPH.V
Mountain Province Diamonds Inc.,MPVD.TO
MetalQuest Mining Inc.,MQM.V
Marble Financial Inc.,MRBL.CN
Morguard Corporation,MRC.TO
Melcor Developments Ltd.,MRD.TO
Martinrea International Inc.,MRE.TO
Morguard North American Residential Real Estate Investment Trust,MRG-UN.TO
Micromem Technologies Inc.,MRM.CN
MariMed Inc.,MRMD.CN
MORGUARD REIT 4.85 PCT DEBS,MRT-DBA.TO
Morguard Real Estate Investment Trust,MRT-UN.TO
Metro Inc.,MRU.TO
Melcor Real Estate Investment Trust,MR-UN.TO
Marvel Biosciences Corp.,MRVL.V
Mirasol Resources Ltd.,MRZ.V
Mineros S.A.,MSA.TO
Satellos Bioscience Inc.,MSCL.V
Mindset Pharma Inc.,MSET.CN
Microsoft Corporation,MSFT.NE
Minsud Resources Corp.,MSR.V
Sustainable Real Estate Dividend Fund,MSRE-UN.TO
Minco Silver Corporation,MSV.TO
Metalla Royalty & Streaming Ltd.,MTA.V
MTB Metals Corp.,MTB.V
Mammoth Resources Corp.,MTH.V
Mullen Group Ltd.,MTL.TO
Martello Technologies Group Inc.,MTLO.V
Martina Minerals Corp.,MTN-H.V
Metallis Resources Inc.,MTS.V
Magna Terra Minerals Inc.,MTT.V
Metalex Ventures Ltd.,MTX.V
MTY Food Group Inc.,MTY.TO
Mundoro Capital Inc.,MUN.V
Murchison Minerals Ltd.,MUR.V
The Good Shroom Co Inc.,MUSH.V
Musk Metals Corp.,MUSK.CN
McEwen Mining Inc.,MUX.TO
Muzhu Mining Ltd.,MUZU.CN
Minerva Intelligence Inc.,MVAI.V
Monitor Ventures Inc.,MVI-H.V
Mountain Valley MD Holdings Inc.,MVMD.CN
MediaValet Inc.,MVP.TO
Moovly Media Inc.,MVY.V
"MetaWorks Platforms, Inc.",MWRK.CN
Methanex Corporation,MX.TO
Maxim Power Corp.,MXG.TO
MX Gold Corp.,MXL-H.V
Montego Resources Inc.,MY.CN
Mydecine Innovations Group Inc.,MYCO.NE
Reklaim Ltd.,MYID.V
The Planting Hope Company Inc.,MYLK.V
MYND Life Sciences Inc.,MYND.CN
National Bank of Canada,NA.TO
New Age Metals Inc.,NAM.V
Nano One Materials Corp.,NANO.TO
North Arrow Minerals Inc.,NAR.V
Pangenomic Health Inc.,NARA.CN
Nation Gold Corp.,NATN.CN
NevGold Corp.,NAU.V
NAVCO Pharmaceuticals Inc.,NAV.V
NioCorp Developments Ltd.,NB.TO
Nobel Resources Corp.,NBLC.V
Neighbourly Pharmacy Inc.,NBLY.TO
NEO Battery Materials Ltd.,NBM.V
Nubian Resources Ltd.,NBR.V
New Break Resources Ltd.,NBRK.CN
Nubeva Technologies Ltd.,NBVA.V
Niobay Metals Inc.,NBY.V
Newcore Gold Ltd.,NCAU.V
Northcliff Resources Ltd.,NCF.TO
NTG Clarity Networks Inc.,NCI.V
Basin Uranium Corp.,NCLR.CN
Newcrest Mining Limited,NCM.TO
Nickel Creek Platinum Corp.,NCP.TO
Nevada Copper Corp.,NCU.TO
NorthIsle Copper and Gold Inc.,NCX.V
Neptune Digital Assets Corp.,NDA.V
nDatalyze Corp.,NDAT.CN
Northern Dynasty Minerals Ltd.,NDM.TO
Indiva Limited,NDVA.V
New Destiny Mining Corp.,NED.V
Neo Performance Materials Inc.,NEO.TO
Nerds on Site Inc.,NERD.CN
Canadian Net Real Estate Investment Trust,NET-UN.V
Carbon Streaming Corporation,NETZ.NE
Nevada Sunrise Metals Corporation,NEV.V
Nevis Brands Inc.,NEVI.CN
Newfoundland Discovery Corp.,NEWD.CN
NewOrigin Gold Corp.,NEWO.V
Newtopia Inc.,NEWU.V
NEXE Innovations Inc.,NEXE.V
NextSource Materials Inc.,NEXT.TO
Nuclear Fuels Inc.,NF.CN
New Found Gold Corp.,NFG.V
NFI Group Inc.,NFI.TO
NFI GROUP INC SUB RCT,NFI-R.TO
Exploits Discovery Corp.,NFLD.CN
"Netflix, Inc.",NFLX.NE
NFT Technologies Inc.,NFT.NE
Looking Glass Labs Ltd.,NFTX.NE
NovaGold Resources Inc.,NG.TO
Northern Graphite Corporation,NGC.V
New Gold Inc.,NGD.TO
Nevada Exploration Inc.,NGE.V
NervGen Pharma Corp.,NGEN.V
NGEx Minerals Ltd.,NGEX.V
NuGen Medical Devices Inc.,NGMD.V
Nextgen Food Robotics Corp.,NGRB.NE
Newmont Corporation,NGT.TO
Nexera Energy Inc.,NGY.V
Northview Canadian High Yield Residential Fund,NHF-UN.TO
FuelPositive Corporation,NHHH.V
Nighthawk Gold Corp.,NHK.TO
NiCAN Limited,NICN.V
Class 1 Nickel and Technologies Limited,NICO.CN
Magna Mining Inc.,NICU.V
Surge Battery Metals Inc.,NILI.V
Nicola Mining Inc.,NIM.V
Nine Mile Metals Ltd.,NINE.CN
Nio Strategic Metals Inc.,NIO.V
Noble Iron Inc.,NIR-H.V
Nirvana Life Sciences Inc.,NIRV.CN
"NIKE, Inc.",NKE.NE
Nevada King Gold Corp.,NKG.V
Nickel 28 Capital Corp.,NKL.V
Oceanic Wind Energy Inc.,NKW-H.V
Nova Leap Health Corp.,NLH.V
Northern Lights Resources Corp.,NLR.CN
New Leaf Ventures Inc,NLV.CN
Noble Metal Group Incorporated,NMG-H.V
Namibia Critical Metals Inc.,NMI.V
Nickel North Exploration Corp.,NNX.V
North American Construction Group Ltd.,NOA.TO
NOA Lithium Brines Inc.,NOAL.V
Noble Mineral Exploration Inc.,NOB.V
Norseman Silver Inc.,NOC.V
Norden Crown Metals Corp.,NOCR.V
Norsemont Mining Inc.,NOM.CN
Nevada Organic Phosphate Inc.,NOP.CN
Norrland Gold Corp.,NORR.V
Nouveau Monde Graphite Inc.,NOU.V
Nova Mentis Life Science Corp.,NOVA.CN
Nova Cannabis Inc.,NOVC.TO
Nova Royalty Corp.,NOVR.V
NowVertical Group Inc.,NOW.V
Alphinat Inc.,NPA.V
Northland Power Inc.,NPI.TO
Northland Power Inc,NPI-PB.TO
Verde AgriTech Ltd,NPK.TO
North Peak Resources Ltd.,NPR.V
Nepra Foods Inc.,NPRA.CN
NeuPath Health Inc.,NPTH.V
Noram Lithium Corp.,NRM.V
Northern Shield Resources Inc.,NRN.V
NurExone Biologic Inc.,NRX.V
Nanalysis Scientific Corp.,NSCI.V
New Stratus Energy Inc.,NSE.V
Northstar Gold Corp.,NSG.CN
NanoSphere Health Sciences Inc.,NSHS.CN
NexTech AR Solutions Corp.,NTAR.CN
Network Media Group Inc.,NTE.V
Nutrien Ltd.,NTR.TO
NeutriSci International Inc.,NU.V
New Pacific Metals Corp.,NUAG.TO
NuLegacy Gold Corporation,NUG.V
Numinus Wellness Inc.,NUMI.TO
Nuran Wireless Inc.,NUR.CN
Hydreight Technologies Inc.,NURS.V
NuVista Energy Ltd.,NVA.TO
NVIDIA Corporation,NVDA.NE
Nuvei Corporation,NVEI.TO
Novra Technologies Inc.,NVI.V
Nevada Lithium Resources Inc.,NVLH.CN
Nova Lithium Corp.,NVLI.CN
Novo Resources Corp.,NVO.TO
North Valley Resources Ltd.,NVR.CN
EnviroGold Global Limited,NVRO.CN
Nortec Minerals Corp.,NVT.V
NV Gold Corporation,NVX.V
The North West Company Inc.,NWC.TO
NorthWest Healthcare Properties Real Estate Investment Trust,NWH-UN.TO
Nuinsco Resources Limited,NWI.CN
NorthWest Copper Corp.,NWST.V
Newport Exploration Ltd.,NWX.V
NexGen Energy Ltd.,NXE.TO
NexgenRx Inc.,NXG.V
Next Hydrogen Solutions Inc.,NXH.V
NexLiving Communities Inc.,NXLV.V
NexOptic Technology Corp.,NXO.V
Nexus Industrial REIT,NXR-UN.TO
Nexus Gold Corp.,NXS.V
New Zealand Energy Corp.,NZ.V
Nevada Zinc Corporation,NZN.V
Chatham Rock Phosphate Limited,NZP.V
OverActive Media Corp.,OAM.V
Obsidian Energy Ltd.,OBE.TO
Oberon Uranium Corp.,OBRN.CN
Olive Resource Capital Inc.,OC.V
Ocean Shore Capital Corp.,OCAP-P.V
Outcrop Silver & Gold Corporation,OCG.V
Orecap Invest Corp.,OCI.V
Oroco Resource Corp.,OCO.V
Odd Burger Corporation,ODD.V
Osisko Development Corp.,ODV.V
Osisko Development Corp,ODV-WT.V
Odyssey Resources Limited,ODX-H.V
Oracle Energy Corp.,OEC-H.V
Memex Inc.,OEE.V
OceanaGold Corporation,OGC.TO
Orbit Garant Drilling Inc.,OGD.TO
Organigram Holdings Inc.,OGI.TO
Orogen Royalties Inc.,OGN.V
Organto Foods Inc.,OGO.V
O3 Mining Inc.,OIII.V
Permex Petroleum Corporation,OIL.CN
Nextleaf Solutions Ltd.,OILS.CN
EvokAI Creative Labs Inc.,OKAI.V
Orla Mining Ltd.,OLA.TO
Olivut Resources Ltd.,OLV.V
Olympia Financial Group Inc.,OLY.TO
Osisko Metals Incorporated,OM.V
Omai Gold Mines Corp.,OMG.V
Omega Pacific Resources Inc.,OMGA.CN
Orosur Mining Inc.,OMI.V
Omni-Lite Industries Canada Inc.,OML.V
Omineca Mining and Metals Ltd.,OMM.V
Optimind Pharma Corp.,OMND.CN
Oncolytics Biotech Inc.,ONC.TO
01 Communique Laboratory Inc.,ONE.V
Onex Corporation,ONEX.TO
Onyx Gold Corp.,ONYX.V
OOOOO Entertainment Commerce Limited,OOOO.V
Opus One Gold Corporation,OOR.V
Organic Potash Corporation,OPC.CN
Ophir Gold Corp.,OPHR.V
Opsens Inc.,OPS.TO
Optiva Inc.,OPT.TO
Optimi Health Corp.,OPTI.CN
Optimum Ventures Ltd.,OPV.V
Osisko Gold Royalties Ltd,OR.TO
Aura Minerals Inc.,ORA.TO
Orca Energy Group Inc.,ORC-B.V
Orezone Gold Corporation,ORE.TO
Orea Mining Corp.,OREA.TO
Origen Resources Inc.,ORGN.CN
Orford Mining Corporation,ORM.V
Orestone Mining Corp.,ORS.V
Orvana Minerals Corp.,ORV.TO
Osino Resources Corp.,OSI.V
Oceansix Future Paths Ltd.,OSIX.V
Osisko Mining Inc.,OSK.TO
Brompton Oil Split Corp.,OSP.TO
OneSoft Solutions Inc.,OSS.V
Ocumetics Technology Corp.,OTC.V
Open Text Corporation,OTEX.TO
O2Gold Inc.,OTGO-H.V
Ovation Science Inc.,OVAT.CN
"Oculus VisionTech, Inc.",OVT.V
Ovintiv Inc.,OVV.TO
One World Lithium Inc.,OWLI.CN
Rex Resources Corp.,OWN.V
CGX Energy Inc.,OYL.V
Outback Goldfields Corp.,OZ.V
Oz Lithium Corporation,OZLI.CN
Palamina Corp.,PA.V
Pan American Silver Corp.,PAAS.TO
XTM Inc.,PAID.CN
Palisades Goldcorp Ltd.,PALI.V
Pangolin Diamonds Corp.,PAN.V
Newpath Resources Inc.,PATH.CN
Provenance Gold Corp.,PAU.CN
Payfare Inc.,PAY.TO
Planet Based Foods Global Inc.,PBF.CN
Premium Brands Holdings Corporation,PBH.TO
POSaBIT Systems Corporation,PBIT.CN
Pollard Banknote Limited,PBL.TO
Pacific Bay Minerals Ltd.,PBM.V
PowerBand Solutions Inc.,PBX.V
Canso Credit Trust - Canso Credit Income Fund,PBY-UN.TO
PharmaCielo Ltd.,PCLO.V
Pender Street Capital Corp.,PCP-P.V
Petrolympic Ltd.,PCQ.V
Precision Drilling Corporation,PD.TO
Prophecy DeFi Inc.,PDFI.CN
Palladium One Mining Inc.,PDM.V
PUDO Inc.,PDO.CN
Prime Dividend Corp.,PDV.TO
Prime Dividend Corp,PDV-PA.TO
Pure Energy Minerals Limited,PE.V
Pieridae Energy Limited,PEA.TO
Sun Peak Metals Corp.,PEAK.V
Global Food and Ingredients Ltd.,PEAS.V
Pegasus Resources Inc.,PEGA.V
Prospera Energy Inc.,PEI.V
Peruvian Metals Corp.,PER.V
Perk Labs Inc.,PERK.CN
Chakana Copper Corp.,PERU.V
PesoRama Inc.,PESO.V
PesoRama Inc,PESO-WT.V
Pet Valu Holdings Ltd.,PET.TO
Pacific Ridge Exploration Ltd.,PEX.V
Peyto Exploration & Development Corp.,PEY.TO
PetroFrontier Corp.,PFC.V
Pfizer Inc.,PFE.NE
ProntoForms Corporation,PFM.V
The Procter & Gamble Company,PG.NE
Pegmatite One Lithium and Gold Corp.,PGA.CN
Plato Gold Corp.,PGC.V
Patagonia Gold Corp.,PGDC.V
Stillwater Critical Minerals Corp.,PGE.V
PIMCO Global Income Opportunities Fund,PGI-UN.TO
P2 Gold Inc.,PGLD.V
Patriot Gold Corp.,PGOL.CN
Power Group Projects Corp.,PGP.V
Prosper Gold Corp.,PGX.V
Pan Global Resources Inc.,PGZ.V
Premier Health of America Inc.,PHA.V
Providence Gold Mines Inc.,PHD.V
Phenom Resources Corp.,PHNM.V
First Phosphate Corp.,PHOS.CN
PharmaTher Holdings Ltd.,PHRM.CN
Pharmadrug Inc.,PHRX.CN
PHX Energy Services Corp.,PHX.TO
Sprott Physical Gold Trust,PHYS-U.TO
Premium Income Corporation,PIC-A.TO
Premium Income Corp,PIC-PA.TO
Polaris Renewable Energy Inc.,PIF.TO
Canntab Therapeutics Limited,PILL.CN
Pine Trail Real Estate Investment Trust,PINE-UN.V
"Perimeter Medical Imaging AI, Inc.",PINK.V
Pipestone Energy Corp.,PIPE.TO
PJX Resources Inc.,PJX.V
ParcelPal Logistics Inc.,PKG.CN
Parkland Corporation,PKI.TO
Tenet Fintech Group Inc.,PKK.CN
Parkit Enterprise Inc.,PKT.V
Plata Latina Minerals Corporation,PLA.V
Progressive Planet Solutions Inc.,PLAN.V
Plascred Circular Innovations Inc.,PLAS.CN
Playground Ventures Inc.,PLAY.CN
Plantable Health Inc.,PLBL.NE
Park Lawn Corporation,PLC.TO
Forty Pillars Mining Corp.,PLLR.CN
Better Plant Sciences Inc.,PLNT-X.CN
Pluribus Technologies Corp.,PLRB.V
Planet 13 Holdings Inc.,PLTH.CN
Energy Plug Technologies Corp.,PLUG.CN
Plurilock Security Inc.,PLUR.V
Playfair Mining Ltd.,PLY.V
Plaza Retail REIT,PLZ-UN.TO
Pampa Metals Corporation,PM.CN
Picton Mahoney Tactical Income Fund,PMB-UN.TO
Peloton Minerals Corporation,PMC.CN
Sentry Select Primary Metals Corp.,PME.TO
Predictmedix AI Inc.,PMED.CN
Patriot Battery Metals Inc.,PMET.V
Playmaker Capital Inc.,PMKR.V
Panoro Minerals Ltd.,PML.V
Perpetual Energy Inc.,PMT.TO
Primaris Real Estate Investment Trust,PMZ-UN.TO
Postmedia Network Canada Corp.,PNC-B.TO
Pine Cliff Energy Ltd.,PNE.TO
Kraken Robotics Inc.,PNG.V
Pangea Natural Foods Inc.,PNGA.CN
Pambili Natural Resources Corporation,PNN.V
Pinetree Capital Ltd.,PNP.TO
Power Nickel Inc.,PNPN.V
Pan American Energy Corp.,PNRG.CN
Premium Nickel Resources Ltd.,PNRL.V
Pentagon I Capital Corp.,PNTI-P.V
Pantera Silver Corp.,PNTR.V
PolyMet Mining Corp.,POM.TO
Pond Technologies Holdings Inc.,POND.V
Pool Safe Inc.,POOL.V
PopReach Corporation,POPR.V
Portofino Resources Inc.,POR.V
Paramount Resources Ltd.,POU.TO
Power Corporation of Canada,POW.TO
POWR Lithium Corp.,POWR.CN
Pure to Pure Beauty Inc.,PPB.CN
Pembina Pipeline Corporation,PPL.TO
Pembina Pipeline Corporation CUM PFD SER A 21,PPL-PFA.TO
Prospector Metals Corp.,PPP.V
Prairie Provident Resources Inc.,PPR.TO
Perpetua Resources Corp.,PPTA.TO
PPX Mining Corp.,PPX.V
Probe Gold Inc.,PRB.TO
PreveCeutical Medical Inc.,PREV.CN
Precipitate Gold Corp.,PRG.V
Prismo Metals Inc.,PRIZ.CN
Propel Holdings Inc.,PRL.TO
Big Pharma Split Corp.,PRM.TO
Prime Drink Group Corp.,PRME.CN
Primo Water Corporation,PRMW.TO
Profound Medical Corp.,PRN.TO
Petrus Resources Ltd.,PRQ.TO
Prospect Ridge Resources Corp.,PRR.CN
Personas Social Incorporated,PRSN.V
Perseus Mining Limited,PRU.TO
Prudent Minerals Corp.,PRUD.CN
Pro Real Estate Investment Trust,PRV-UN.TO
Prime Mining Corp.,PRYM.V
Powerstone Metals Corp.,PS.CN
Pulse Seismic Inc.,PSD.TO
Pason Systems Inc.,PSI.TO
PrairieSky Royalty Ltd.,PSK.TO
PsyBio Therapeutics Corp.,PSYB.V
Psyched Wellness Ltd.,PSYC.CN
Psyence Group Inc.,PSYG.CN
Petrox Resources Corp.,PTC.V
Pioneering Technology Corp.,PTE.V
Pender Growth Fund Inc.,PTF.V
"Plantify Foods, Inc.",PTFY.V
PIMCO Tactical Income Fund,PTI-UN.TO
POET Technologies Inc.,PTK.V
Platinum Group Metals Ltd.,PTM.TO
PIMCO Tactical Income Opportunities Fund,PTO-UN.TO
Petrichor Energy Inc.,PTP-H.V
Purepoint Uranium Group Inc.,PTU.V
Platinex Inc.,PTX.CN
Pulse Oil Corp.,PUL.V
Puma Exploration Inc.,PUMA.V
Stock Trend Capital Inc.,PUMP.CN
Pushfor Tech Inc.,PUSH.CN
Partners Value Investments LP,PVF-UN.V
Parvis Invest Inc.,PVIS.V
Partners Value Split Corp,PVS-PF.TO
Partners Value Split Corp.,PVS-PI.TO
Pivotree Inc.,PVT.V
Power Financial Corp,PWF-PH.TO
Sustainable Power & Infrastructure Split Corp.,PWI.TO
Power Metals Corp.,PWM.V
Captiva Verde Wellness Corp.,PWR.CN
Pelangio Exploration Inc.,PX.V
P2Earn Inc.,PXE.CN
"Planet Ventures, Inc.",PXI.V
Parex Resources Inc.,PXT.TO
"PayPal Holdings, Inc.",PYPL.NE
PyroGenesis Canada Inc.,PYR.TO
Pizza Pizza Royalty Corp.,PZA.TO
Quantum Battery Metals Corp.,QBAT.CN
Quebecor Inc.,QBR-B.TO
The Bitcoin Fund,QBTC.TO
The Bitcoin Fund Class A,QBTC-U.TO
Quinsam Capital Corporation,QCA.CN
QC Copper and Gold Inc.,QCCU.V
QcX Gold Corp.,QCX.V
Questerre Energy Corporation,QEC.TO
The Ether Fund,QETH-U.TO
Q4 Inc.,QFOR.TO
Q-Gold Resources Ltd.,QGR.V
Quebec Innovative Materials Corp.,QIMC.CN
Quipt Home Medical Corp.,QIPT.TO
Quorum Information Technologies Inc.,QIS.V
QMC Quantum Minerals Corp,QMC.V
Q Battery Metals Corp.,QMET.CN
Quantum eMotion Corp.,QNC.V
Québec Nickel Corp.,QNI.CN
Quebec Precious Metals Corporation,QPM.V
Quest PharmaTech Inc.,QPT.V
Quizam Media Corporation,QQ.CN
Horizons NASDAQ-100 Covered Call ETF,QQCC.TO
Queen's Road Capital Investment Ltd.,QRC.TO
Quadro Resources Ltd.,QRO.V
Restaurant Brands International Limited Partnership,QSP-UN.TO
Restaurant Brands International Inc.,QSR.TO
Questor Technology Inc.,QST.V
Quarterhill Inc.,QTRH.TO
Q2 Metals Corp.,QTWO.V
"Quisitive Technology Solutions, Inc.",QUIS.V
Quri-Mayu Developments Ltd.,QURI.V
QYOU Media Inc.,QYOU.V
Quartz Mountain Resources Ltd.,QZM.V
AdRabbit Limited,RABI.V
Radial Research Corp.,RAD.CN
Renegade Gold Inc.,RAGE.V
Railtown AI Technologies Inc.,RAIL.CN
Rackla Metals Inc.,RAK.V
Tactical Resources Corp.,RARE.CN
Resouro Gold Inc.,RAU.V
Ravensource Fund,RAV-UN.TO
Stingray Group Inc.,RAY-A.TO
"RB Global, Inc.",RBA.TO
Blue Ribbon Income Fund,RBN-UN.TO
Robex Resources Inc.,RBX.V
Rubellite Energy Inc.,RBY.TO
RF Capital Group Inc.,RCG.TO
Richelieu Hardware Ltd.,RCH.TO
Archer Exploration Corp.,RCHR.CN
Rogers Communications Inc.,RCI-A.TO
Rock Tech Lithium Inc.,RCK.V
Rock Tech Lithium Inc,RCK-WT.V
Rockcliff Metals Corporation,RCLF.CN
Rochester Resources Ltd.,RCT.V
Ridgeline Minerals Corp.,RDG.V
RDARS Inc.,RDRS.CN
Radisson Mining Resources Inc.,RDS.V
Radius Gold Inc.,RDU.V
RE Royalties Ltd.,RE.V
Legible Inc.,READ.CN
Real Matters Inc.,REAL.TO
The Real Brokerage Inc.,REAX.TO
Reconnaissance Energy Africa Ltd.,RECO.V
Big Red Mining Corp.,RED.CN
Rock Edge Resources Ltd.,REDG.CN
E-Tech Resources Inc.,REE.V
Regulus Resources Inc.,REG.V
RioCan Real Estate Investment Trust,REI-UN.TO
Reko International Group Inc.,REKO.V
Reitmans (Canada) Limited,RET.V
RevoluGROUP Canada Inc.,REVO.V
ReVolve Renewable Power Corp.,REVV.V
Orex Minerals Inc.,REX.V
Reyna Gold Corp.,REYG.V
The Hash Corporation,REZN.CN
Reflex Advanced Materials Corp.,RFLX.CN
Renforth Resources Inc.,RFR.CN
Romios Gold Resources Inc.,RG.V
Relevant Gold Corp.,RGC.V
Reunion Gold Corporation,RGD.V
Reco International Group Inc.,RGI.V
Red Lake Gold Inc.,RGLD.CN
Regenx Tech Corp.,RGX.CN
Royal Helium Ltd.,RHC.V
Reliq Health Technologies Inc.,RHT.V
Royalties Inc.,RI.CN
Ridgewood Canadian Investment Grade Bond Fund,RIB-UN.TO
Rio2 Limited,RIO.V
Rise Gold Corp.,RISE.CN
RIV Capital Inc.,RIV.CN
RIWI Corp.,RIWI.V
RJK Explorations Ltd.,RJX-A.V
Rockhaven Resources Ltd.,RK.V
Rockland Resources Ltd.,RKL.CN
Rokmaster Resources Corp.,RKR.V
Rakovina Therapeutics Inc.,RKV.V
Railtown Capital Corp.,RLT-P.V
Riley Gold Corp.,RLYG.V
Refined Metals Corp.,RMC.CN
Richmond Minerals Inc.,RMD.V
Ridgestone Mining Inc.,RMI.V
Rusoro Mining Ltd.,RML.V
TransAlta Renewables Inc.,RNW.TO
Lion Rock Resources Inc.,ROAR.V
Rockridge Resources Ltd.,ROCK.V
Route1 Inc.,ROI.V
ROK Resources Inc.,ROK.V
ROK Resources Inc,ROK-WT.V
Rubicon Organics Inc.,ROMJ.V
Northstar Clean Technologies Inc.,ROOF.V
Roots Corporation,ROOT.TO
Roscan Gold Corporation,ROS.V
Rover Metals Corp.,ROVR.V
Canstar Resources Inc.,ROX.V
RepliCel Life Sciences Inc.,RP.V
Richards Packaging Income Fund,RPI-UN.TO
Red Pine Exploration Inc.,RPX.V
Recharge Resources Ltd.,RR.CN
Riverside Resources Inc.,RRI.V
Ross River Minerals Inc.,RRM-H.V
R&R Real Estate Investment Trust,RRR-UN.V
Rogue Resources Inc.,RRS.V
Real Estate Split Corp.,RS.TO
Rush Rare Metals Corp.,RSH.CN
Rogers Sugar Inc.,RSI.TO
Reyna Silver Corp.,RSLV.V
Regency Silver Corp.,RSMX.V
RESAAS Services Inc.,RSS.V
RTG Mining Inc.,RTG.TO
RT Minerals Corp,RTM.V
Rugby Resources Ltd.,RUG.V
Rocky Mountain Liquor Inc.,RUM.V
Rupert Resources Ltd.,RUP.TO
Russel Metals Inc.,RUS.TO
Carolina Rush Corporation,RUSH.V
Pathfinder Ventures Inc.,RV.V
Revival Gold Inc.,RVG.V
Rivalry Corp.,RVLY.V
Revive Therapeutics Ltd.,RVV.CN
Resverlogix Corp.,RVX.TO
Red White & Bloom Brands Inc.,RWB.CN
BioSyent Inc.,RX.V
Royal Bank of Canada,RY.TO
Rio Silver Inc.,RYO.V
Royal Road Minerals Limited,RYR.V
Razor Energy Corp.,RZE.V
Sherritt International Corporation,S.TO
Sable Resources Ltd.,SAE.V
Sterling Metals Corp.,SAG.V
Sage Potash Corp.,SAGE.V
Southern Arc Minerals Inc.,SA-H.V
Sunshine Agri-Tech Inc.,SAI-H.V
Atlas Salt Inc.,SALT.V
Starcore International Mines Ltd.,SAM.TO
Silver Sands Resources Corp.,SAND.CN
Sanu Gold Corp.,SANU.CN
South Atlantic Gold Inc.,SAO.V
Saputo Inc.,SAP.TO
Atha Energy Corp.,SASK.CN
Sassy Gold Corp.,SASY.CN
Asian Television Network International Limited,SAT.V
SATO Technologies Corp.,SATO.V
St. Augustine Gold and Copper Limited,SAU.TO
Sparta Capital Ltd.,SAY.V
Stratabound Minerals Corp.,SB.V
Simply Better Brands Corp.,SBBC.V
Brompton Split Banc Corp.,SBC.TO
Serabi Gold plc,SBI.TO
Sabio Holdings Inc.,SBIO.V
Sirona Biochem Corp.,SBM.V
Silver Bullet Mines Corp.,SBMI.V
Mulvihill S Split Corp.,SBN.TO
S Split Corp,SBN-PA.TO
Starbucks Corporation,SBUX.NE
"Liberty Defense Holdings, Ltd.",SCAN.V
Serrano Resources Ltd.,SC-H.V
Searchlight Resources Inc.,SCLT.V
Steadright Critical Minerals Inc.,SCM.CN
Scottie Resources Corp.,SCOT.V
Scope Carbon Corp.,SCPE.CN
Starlight U.S. Multi-Family (No. 2) Core Plus Fund,SCPT-A.V
Scotch Creek Ventures Inc.,SCV.CN
Scandium International Mining Corp.,SCY.TO
Scryb Inc.,SCYB.CN
Santacruz Silver Mining Ltd.,SCZ.V
St. Davids Capital Inc.,SDCI-P.V
Sonoran Desert Copper Corporation,SDCU.V
Spartan Delta Corp.,SDE.TO
Stampede Drilling Inc.,SDI.V
Stroud Resources Ltd.,SDR.V
Sweet Earth Holdings Corporation,SE.CN
Seabridge Gold Inc.,SEA.TO
Seahawk Gold Corp.,SEAG.CN
SSC Security Services Corp.,SECU.V
Sintana Energy Inc.,SEI.V
Sintana Energy Inc,SEI-WT.V
Sensor Technologies Corp.,SENS.CN
Secure Energy Services Inc.,SES.TO
Spectra7 Microsystems Inc.,SEV.V
Silverfish Resources Inc.,SF.CN
Sagicor Financial Company Ltd.,SFC.TO
NXT Energy Solutions Inc.,SFD.TO
Solution Financial Inc.,SFI.TO
Sandfire Resources America Inc.,SFR.V
Softchoice Corporation,SFTC.TO
Solstice Gold Corp.,SGC.V
Snowline Gold Corp.,SGD.V
Sabre Gold Mines Corp.,SGLD.TO
Salona Global Medical Device Corporation,SGMD.V
Sigma Lithium Corporation,SGML.V
Signal Gold Inc.,SGNL.TO
Sonoro Gold Corp.,SGO.V
SouthGobi Resources Ltd.,SGQ.V
Slate Grocery REIT,SGR-UN.TO
Signature Resources Ltd.,SGU.V
Surge Energy Inc.,SGY.TO
Sego Resources Inc.,SGZ.V
Spruce Ridge Resources Ltd.,SHL.V
Source Energy Services Ltd.,SHLE.TO
Shellron Capital Ltd.,SHLL-P.V
Shopify Inc.,SHOP.TO
Showcase Minerals Inc.,SHOW.CN
Shoal Point Energy Ltd.,SHP.CN
Sharc International Systems Inc.,SHRC.CN
"Medicine Man Technologies, Inc.",SHWZ.NE
Sienna Senior Living Inc.,SIA.TO
Sokoman Minerals Corp.,SIC.V
Sienna Resources Inc.,SIE.V
Sitka Gold Corp.,SIG.CN
Sustainable Innovation & Health Dividend Fund,SIH-UN.TO
Sprott Inc.,SII.TO
SilverCrest Metals Inc.,SIL.TO
Silo Wellness Inc.,SILO.CN
Silver Valley Metals Corp.,SILV.V
SiQ Mountain Industries Inc.,SIQ-H.V
Savaria Corporation,SIS.TO
Sixty Six Capital Inc.,SIX.CN
Sixth Wave Innovations Inc.,SIXW.CN
Stella-Jones Inc.,SJ.TO
Skeena Resources Limited,SKE.TO
StrikePoint Gold Inc.,SKP.V
SKRR Exploration Inc.,SKRR.V
Sekur Private Data Ltd.,SKUR.CN
Sky Gold Corp.,SKYG.V
Sun Life Financial Inc.,SLF.TO
San Lorenzo Gold Corp.,SLG.V
Standard Lithium Ltd.,SLI.V
Solis Minerals Ltd.,SLMN.V
SLANG Worldwide Inc.,SLNG.CN
Solitario Resources Corp.,SLR.TO
Solaris Resources Inc.,SLS.TO
Silver Dollar Resources Inc.,SLV.CN
Silver Tiger Metals Inc.,SLVR.V
Slave Lake Zinc Corp.,SLZ.CN
Sierra Madre Gold and Silver Ltd.,SM.V
Standard Mercantile Acquisition Corp.,SMA.TO
Sulliden Mining Capital Inc.,SMC.TO
Strategic Metals Ltd.,SMD.V
Sama Resources Inc.,SME.V
Southstone Minerals Limited,SML.V
Sun Summit Minerals Corp.,SMN.V
Southern Empire Resources Corp.,SMP.V
Shine Minerals Corp.,SMR-H.V
Sierra Metals Inc.,SMT.TO
Search Minerals Inc.,SMY.V
Star Navigation Systems Group Ltd.,SNA.CN
SNC-Lavalin Group Inc.,SNC.TO
Silver Range Resources Ltd.,SNG.V
ShaMaran Petroleum Corp.,SNM.V
Select Sands Corp.,SNS.V
Strategic Minerals Europe Corp.,SNTA.NE
Sonoro Energy Ltd.,SNV-H.V
Shiny Health & Wellness Corp.,SNYB.V
Sirios Resources Inc.,SOI.V
Saturn Oil & Gas Inc.,SOIL.TO
SOL Global Investments Corp.,SOL.CN
SolGold Plc,SOLG.TO
Solar Alliance Energy Inc.,SOLR.V
Solvbl Solutions Inc.,SOLV.CN
Soma Gold Corp.,SOMA.V
Sona Nanotech Inc.,SONA.CN
Spectre Capital Corp.,SOO-P.V
SOPerior Fertilizer Corp.,SOP-H.V
Slate Office REIT,SOT-UN.TO
Southern Energy Corp.,SOU.V
SunOpta Inc.,SOY.TO
Spanish Mountain Gold Ltd.,SPA.V
Sparc AI Inc,SPAI.CN
Superior Plus Corp.,SPB.TO
SPC Nickel Corp.,SPC.V
Silver Predator Corp.,SPD.V
Spey Resources Corp.,SPEY.CN
Spacefy Inc.,SPFY.CN
Spark Power Group Inc.,SPG.TO
Spirit Blockchain Capital Inc.,SPIR.CN
Spearmint Resources Inc.,SPMT.CN
Spod Lithium Corp.,SPOD.CN
New Wave Holdings Corp.,SPOR.CN
EarthLabs Inc.,SPOT.V
Spot Coffee (Canada) Ltd.,SPP.V
Sprott Physical Platinum and Palladium Trust,SPPP.TO
Sprott Physical Platinum & Palladium Tr,SPPP-U.TO
SPARQ Systems Inc.,SPRQ.V
Sparx Technology Inc.,SPRX.V
Spetz Inc.,SPTZ.CN
Stellar AfricaGold Inc.,SPX.V
SuperBuzz Inc.,SPZ.V
Strategic Resources Inc.,SR.V
Stria Lithium Inc.,SRA.V
Stakeholder Gold Corp.,SRC.V
Saville Resources Inc.,SRE.V
Sun Residential Real Estate Investment Trust,SRES.V
SRG Mining Inc.,SRG.V
Sparton Resources Inc.,SRI.V
Salazar Resources Limited,SRL.V
Source Rock Royalties Ltd.,SRR.V
Source Rock Royalties Ltd,SRR-WT.V
Sorrento Resources Ltd.,SRS.CN
SmartCentres Real Estate Investment Trust,SRU-UN.TO
SIR Royalty Income Fund,SRV-UN.TO
Spectra Products Inc.,SSA.V
Silver Spruce Resources Inc.,SSE.V
Symphony Floating Rate Senior Loan Fund,SSF-UN.TO
Sandstorm Gold Ltd.,SSL.TO
SSR Mining Inc.,SSRM.TO
Southern Silver Exploration Corp.,SSV.V
Summa Silver Corp.,SSVR.V
Sleeping Giant Capital Corporation,SSX-P.V
Sanatana Resources Inc.,STA.V
Sangoma Technologies Corporation,STC.TO
Stack Capital Group Inc.,STCK.TO
Starr Peak Mining Ltd.,STE.V
"Stem Holdings, Inc.",STEM.CN
STEP Energy Services Ltd.,STEP.TO
Steer Technologies Inc.,STER.V
Steppe Gold Ltd.,STGO.TO
StrategX Elements Corp.,STGX.CN
Stelmine Canada Ltd.,STH.V
StateHouse Holdings Inc.,STHZ.CN
Stelco Holdings Inc.,STLC.TO
Stearman Resources Inc,STMN.CN
Stamper Oil & Gas Corp.,STMP.V
Stantec Inc.,STN.TO
Standard Uranium Ltd.,STND.V
Stinger Resources Inc.,STNG.V
Storm Exploration Inc.,STRM.V
Star Royalties Ltd.,STRR.V
South Star Battery Metals Corp.,STS.V
Stuhini Exploration Ltd.,STU.V
Stallion Discoveries Corp.,STUD.V
S2 Minerals Inc.,STWO.CN
Suncor Energy Inc.,SU.TO
Superior Mining International Corporation,SUI.V
SolarBank Corporation,SUNN.CN
Northern Superior Resources Inc.,SUP.V
Starlight U.S. Residential Fund,SURF-A.V
Surge Copper Corp.,SURG.V
Strathmore Plus Uranium Corp.,SUU.V
Sernova Corp.,SVA.TO
"Silver Bull Resources, Inc.",SVB.TO
Silver One Resources Inc.,SVE.V
Silver Grail Resources Ltd.,SVG.V
StorageVault Canada Inc.,SVI.TO
Silvercorp Metals Inc.,SVM.TO
Solarvest BioEnergy Inc.,SVS.V
Sarama Resources Ltd,SWA.V
Black Swan Graphene Inc.,SWAN.V
Silver Wolf Exploration Ltd.,SWLF.V
Swiss Water Decaffeinated Coffee Inc.,SWP.TO
Swarmio Media Holdings Inc.,SWRM.CN
St-Georges Eco-Mining Corp.,SX.CN
Synex Renewable Energy Corporation,SXI.TO
Slam Exploration Ltd.,SXL.V
Supremex Inc.,SXP.TO
Sixty North Gold Mining Ltd.,SXTY.CN
Sylla Gold Corp.,SYG.V
Skyharbour Resources Ltd.,SYH.V
Sylogist Ltd.,SYZ.TO
StageZero Life Sciences Ltd.,SZLS.TO
TELUS Corporation,T.TO
TransAlta Corporation,TA.TO
TAAT Global Alternatives Inc.,TAAT.CN
Talmora Diamond Inc.,TAI.CN
Taiga Motors Corporation,TAIG.TO
Tajiri Resources Corp.,TAJ.V
PetroTal Corp.,TAL.TO
Tana Resources Corp.,TANA.CN
TAG Oil Ltd.,TAO.V
TransAlta Corp,TA-PE.TO
Thesis Gold Inc.,TAU.V
Taurus Gold Corp.,TAUR.CN
TrustBIX Inc.,TBIX.V
Trailbreaker Resources Ltd.,TBK.V
Taiga Building Products Ltd.,TBL.TO
Tombill Mines Limited,TBLL.V
Trail Blazer Capital Corp.,TBLZ-P.V
Timberline Resources Corporation,TBR.V
Thunderbird Entertainment Group Inc.,TBRD.V
Turmalina Metals Corp.,TBX.V
Tucows Inc.,TC.TO
Trenchant Capital Corp.,TCC.CN
Tisdale Clean Energy Corp.,TCEC.CN
Trillion Energy International Inc.,TCF.CN
Trillion Energy International Inc,TCF-WT.CN
Trillium Acquisition Corp.,TCK-P.V
Transcontinental Inc.,TCL-A.TO
Tricon Residential Inc.,TCN.TO
Transatlantic Mining Corp.,TCO.V
Tecsys Inc.,TCS.TO
Trican Well Service Ltd.,TCW.TO
The Toronto-Dominion Bank,TD.TO
TDG Gold Corp.,TDG.V
The Toronto-Dominion Bank 5 YR RST PFD 1,TD-PFA.TO
The Toronto-Dominion Bank PFD SER 5,TD-PFC.TO
The Toronto-Dominion Bank PFD SER 9 3.7%,TD-PFE.TO
The Toronto-Dominion Bank NCUM 5Y PFD SR18,TD-PFJ.TO
Tearlach Resources Limited,TEA.V
Canadian Nexus Team Ventures Corp.,TEAM.CN
Teck Resources Limited,TECK-A.TO
Tectonic Metals Inc.,TECT.V
Telescope Innovations Corp.,TELI.CN
Telo Genomics Corp.,TELO.V
Terra Balcanica Resources Corp.,TERA.CN
Tesoro Minerals Corp.,TES.V
Tevano Systems Holdings Inc.,TEVO.CN
Targa Exploration Corp.,TEX.CN
Timbercreek Financial Corp.,TF.TO
TFI International Inc.,TFII.TO
Transforma Resources Corporation,TFM.V
Triple Flag Precious Metals Corp.,TFPM.TO
Trifecta Gold Ltd.,TG.V
Toggle3D.ai Inc.,TGGL.CN
Tornado Global Hydrovacs Ltd.,TGH.V
1933 Industries Inc.,TGIF.CN
Torrent Gold Inc.,TGLD.CN
TeraGo Inc.,TGO.TO
Thunder Gold Corp.,TGOL.V
Theratechnologies Inc.,TH.TO
THC Biomed Intl Ltd.,THC.CN
Thinkific Labs Inc.,THNC.TO
Think Research Corporation,THNK.V
Therma Bright Inc.,THRM.V
Thor Explorations Ltd.,THX.V
Titan Mining Corporation,TI.TO
Tiidal Gaming Group Corp.,TIDL.CN
Coloured Ties Capital Inc.,TIE.V
Triumph Gold Corp.,TIG.V
Toromont Industries Ltd.,TIH.TO
Terra Firma Capital Corporation,TII.V
Till Capital Corporation,TIL.V
TILT Holdings Inc.,TILT.NE
Tincorp Metals Inc.,TIN.V
Tiny Ltd.,TINY.V
Tyner Resources Ltd.,TIP-H.V
Cansortium Inc.,TIUM-U.CN
TELUS International (Cda) Inc.,TIXT.TO
Tinka Resources Limited,TK.V
Taseko Mines Limited,TKO.TO
Tarku Resources Ltd.,TKU.V
Titan Logix Corp.,TLA.V
Troilus Gold Corp.,TLG.TO
Talon Metals Corp.,TLO.TO
Tier One Capital Limited Partnership,TLP-UN.CN
"Tilray Brands, Inc.",TLRY.TO
Theralase Technologies Inc.,TLT.V
Trigon Metals Inc.,TM.V
Temas Resources Corp.,TMAS.CN
Trench Metals Corp.,TMC.V
Titan Medical Inc.,TMD.TO
EGF Theramed Health Corp.,TMED.CN
Torr Metals Inc.,TMET.V
Thermal Energy International Inc.,TMG.V
Teako Minerals Corp.,TMIN.CN
Treasury Metals Inc.,TML.TO
Trilogy Metals Inc.,TMQ.TO
Tempus Resources Limited,TMRR.V
Tartisan Nickel Corp.,TN.CN
Terreno Resources Corp.,TNO-H.V
TNR Gold Corp.,TNR.V
True North Commercial Real Estate Investment Trust,TNT-UN.TO
TRX Gold Corporation,TNX.TO
The Tinley Beverage Company Inc.,TNY.CN
Tenaz Energy Corp.,TNZ.TO
Tocvan Ventures Corp.,TOC.CN
Total Helium Ltd.,TOH.V
Topicus.com Inc.,TOI.V
Tony G Co-Investment Holdings Ltd.,TONY.CN
Taura Gold Inc.,TORA.V
TinOne Resources Inc.,TORC.V
Pucara Gold Ltd.,TORO.V
Torq Resources Inc.,TORQ.V
Torrent Capital Ltd.,TORR.V
Total Energy Services Inc.,TOT.TO
Tourmaline Oil Corp.,TOU.TO
Spin Master Corp.,TOY.TO
Tenth Avenue Petroleum Corp.,TPC.V
Tethys Petroleum Limited,TPL.V
Molson Coors Canada Inc.,TPX-B.TO
Topaz Energy Corp.,TPZ.TO
Troubadour Resources Inc.,TR.V
Teras Resources Inc.,TRA.V
Traction Uranium Corp.,TRAC.CN
Tribeca Resources Corporation,TRBC.V
Tribe Property Technologies Inc.,TRBE.V
Trees Corporation,TREE.NE
Tarachi Gold Corp.,TRG.CN
Thomson Reuters Corporation,TRI.TO
Red Light Holland Corp.,TRIP.CN
Thomson Reuters Corp,TRI-PB.TO
Trilogy International Partners Inc.,TRL-H.V
Taranis Resources Inc.,TRO.V
Troy Minerals Inc.,TROY.CN
TC Energy Corporation,TRP.TO
TC Energy Corp,TRP-PH.TO
Tres-Or Resources Ltd.,TRS.V
TRU Precious Metals Corp.,TRU.V
Trulieve Cannabis Corp.,TRUL.CN
Tryp Therapeutics Inc.,TRYP.CN
Transat A.T. Inc.,TRZ.TO
Telesat Corporation,TSAT.TO
Tsodilo Resources Limited,TSD.V
"TriStar Gold, Inc.",TSG.V
Talisker Resources Ltd.,TSK.TO
Tree Island Steel Ltd.,TSL.TO
"Tesla, Inc.",TSLA.NE
Tier One Silver Inc.,TSLV.V
TerrAscend Corp.,TSND.TO
Trisura Group Ltd.,TSU.TO
Trans Canada Gold Corp.,TTG.V
Turnium Technology Group Inc.,TTGI.V
"Thiogenesis Therapeutics, Corp.",TTI.V
Titanium Transportation Group Inc.,TTNM.TO
Tintina Mines Limited,TTS.V
TruTrace Technologies Inc.,TTT.CN
Tantalex Lithium Resources Corp.,TTX.CN
Total Telcom Inc.,TTZ.V
Tudor Gold Corp.,TUD.V
Honey Badger Silver Inc.,TUF.V
"TUGA Innovations, Inc.",TUGA.CN
Tuktu Resources Ltd.,TUK.V
Teuton Resources Corp.,TUO.V
TVA Group Inc.,TVA-B.TO
Three Valley Copper Corp.,TVC-H.V
Tamarack Valley Energy Ltd.,TVE.TO
TVI Pacific Inc.,TVI.V
TerraVest Industries Inc.,TVK.TO
TWC Enterprises Limited,TWC.TO
Tidewater Midstream and Infrastructure Ltd.,TWM.TO
Tidewater Midstream and Infrastructure Ltd,TWM-WT.TO
T2 Metals Corp.,TWO.V
Tower Resources Ltd.,TWR.V
Twyford Ventures Inc.,TWY-H.V
Torex Gold Resources Inc.,TXG.TO
Touchstone Exploration Inc.,TXP.TO
Top 10 Split Trust,TXT-UN.TO
The Yumy Candy Company Inc.,TYUM.CN
Terrace Energy Corp.,TZR-H.V
Global UAV Technologies Ltd.,UAV.CN
"Uber Technologies, Inc.",UBER.NE
Ubique Minerals Limited,UBQ.CN
Ucore Rare Metals Inc.,UCU.V
Umdoni Exploration Inc.,UDI.CN
Unidoc Health Corp.,UDOC.CN
Urbanfund Corp.,UFC.V
Unigold Inc.,UGD.V
UGE International Ltd.,UGE.V
Uriel Gas Holdings Corp.,UGH.CN
Urbanimmersive Inc.,UI.V
Ultra Lithium Inc.,ULT.V
Ultra Brands Ltd.,ULTA.CN
United Lithium Corp.,ULTH.CN
United Corporations Limited,UNC.TO
UnitedHealth Group Inc,UNH.NE
Unisync Corp.,UNI.TO
Northern Uranium Corp.,UNO-H.V
Universal Copper Ltd.,UNV.V
Universal PropTech Inc.,UPI-H.V
"United Parcel Service, Inc.",UPS.NE
Urbana Corporation,URB-A.TO
Uranium Royalty Corp.,URC.TO
Ur-Energy Inc.,URE.TO
NameSilo Technologies Corp.,URL.CN
First American Uranium Inc.,URM.CN
Americas Gold and Silver Corporation,USA.TO
US Critical Metals Corp.,USCM.V
US Copper Corp.,USCU.V
American Pacific Mining Corp.,USGD.CN
Usha Resources Ltd.,USHA.V
Uniserve Communications Corporation,USS.V
Sprott Physical Uranium Trust Fund,U-U.TO
Kraken Energy Corp.,UUSA.CN
Puranium Energy Ltd.,UX.CN
Vegano Foods Inc.,VAGN.CN
Largo Physical Vanadium Corp.,VAND.V
Viva Gold Corp.,VAU.V
Vital Battery Metals Inc.,VBAM.CN
Pedro Resources Ltd.,VBN.CN
VersaBank,VBNK.TO
Volatus Capital Corp.,VC.CN
Veteran Capital Corp.,VCC-P.V
Vitreous Glass Inc.,VCI.V
Vecima Networks Inc.,VCM.TO
Volt Carbon Technologies Inc.,VCT.V
Vizsla Copper Corp.,VCU.V
Vatic Ventures Corp.,VCV.V
PlantX Life Inc.,VEGA.CN
Boosh Plant-Based Brands Inc.,VEGI.CN
Pasofino Gold Limited,VEIN.V
Venzee Technologies Inc.,VENZ.V
Verisante Technology Inc.,VER-H.V
VERSES AI Inc.,VERS.NE
Vertical Exploration Inc.,VERT.V
Vermilion Energy Inc.,VET.TO
"Vext Science, Inc.",VEXT.CN
New Frontier Ventures Inc.,VFI-X.CN
Volcanic Gold Mines Inc.,VG.V
Victoria Gold Corp.,VGCX.TO
Visible Gold Mines Inc.,VGD.V
Greencastle Resources Ltd.,VGN.V
Vista Gold Corp.,VGZ.TO
Vitalhub Corp.,VHI.TO
Vibe Growth Corporation,VIBE.CN
Vice Health and Wellness Inc.,VICE.CN
Avila Energy Corporation,VIK.CN
Vinergy Capital Inc.,VIN.CN
Vior Inc.,VIO.V
VIP Entertainment Technologies Inc.,VIP.V
Silver Viper Minerals Corp.,VIPR.V
Visa Inc.,VISA.NE
Avivagen Inc.,VIV.V
Visionary Metals Corp.,VIZ.V
Velocity Minerals Ltd.,VLC.V
Valeura Energy Inc.,VLE.TO
Vision Lithium Inc.,VLI.V
Velan Inc.,VLN.TO
Volt Lithium Corp.,VLT.V
Volta Metals Ltd.,VLTA.CN
Voyageur Pharmaceuticals Ltd.,VM.V
Vicinity Motor Corp.,VMC.V
"Viemed Healthcare, Inc.",VMD.TO
Viscount Mining Corp.,VML.V
Vortex Metals Inc.,VMS.V
5N Plus Inc.,VNP.TO
ValOre Metals Corp.,VO.V
Volatus Aerospace Corp.,VOL.V
Vox Royalty Corp.,VOXR.TO
Voyageur Mineral Explorers Corp.,VOY.CN
Valeo Pharma Inc.,VPH.TO
Vitality Products Inc.,VPI.V
VentriPoint Diagnostics Ltd.,VPT.V
Valterra Resource Corporation,VQA.V
VIQ Solutions Inc.,VQS.TO
Victory Battery Metals Corp.,VR.CN
XR Immersive Tech Inc.,VRAR.CN
Vanadiumcorp Resource Inc.,VRB.V
Verano Holdings Corp.,VRNO.CN
VR Resources Ltd.,VRR.V
Vortex Energy Corp.,VRTX.CN
Petro-Victory Energy Corp.,VRY.V
VSBLTY Groupe Technologies Corp.,VSBY.CN
Three Sixty Solar Ltd.,VSOL.NE
Vanstar Mining Resources Inc.,VSR.V
Victory Square Technologies Inc.,VST.CN
Justera Health Ltd.,VTAL.CN
Vendetta Mining Corp.,VTT.V
Vertex Resource Group Ltd.,VTX.V
Vulcan Minerals Inc.,VUL.V
Vital Energy Inc.,VUX.V
VVC Exploration Corporation,VVC.V
Vaxil Bio Ltd.,VXL.V
Voxtur Analytics Corp.,VXTR.V
Verizon Communications Inc,VZ.NE
Vizsla Silver Corp.,VZLA.V
Val-d'Or Mining Corporation,VZZ.V
Western Atlas Resources Inc.,WA.V
Champion Gaming Group Inc.,WAGR.V
Western Alaska Minerals Corp.,WAM.V
Whatcom Capital II Corp.,WAT-P.V
Current Water Technologies Inc.,WATR.V
WestBond Enterprises Corporation,WBE.V
Waraba Gold Limited,WBGD.CN
WesCan Energy Corp.,WCE.V
"Waste Connections, Inc.",WCN.TO
Whitecap Resources Inc.,WCP.TO
World Copper Ltd.,WCU.V
Wedgemount Resources Corp.,WDGY.CN
Wesdome Gold Mines Ltd.,WDO.TO
Westbridge Renewable Energy Corp.,WEB.V
The Westaim Corporation,WED.V
Canopy Growth Corporation,WEED.TO
Western Forest Products Inc.,WEF.TO
Wolverine Energy and Infrastructure Inc.,WEII.V
WELL Health Technologies Corp.,WELL.TO
Wesana Health Holdings Inc.,WESA-X.CN
West Mining Corp.,WEST.CN
Western Exploration Inc.,WEX.V
Wall Financial Corporation,WFC.TO
West Fraser Timber Co. Ltd.,WFG.TO
Wellfield Technologies Inc.,WFLD.V
World Financial Split Corp.,WFS.TO
Westward Gold Inc.,WG.CN
Wescan Goldfields Inc.,WGF.V
Western Gold Exploration Ltd.,WGLD.V
White Gold Corp.,WGO.V
Waroona Energy Inc.,WHE.V
Westhaven Gold Corp.,WHN.V
West High Yield (W.H.Y.) Resources Ltd.,WHY.V
American Aires Inc.,WIFI.CN
Wilton Resources Inc.,WIL.V
WildBrain Ltd.,WILD.TO
Windfall Geotek Inc.,WIN.V
Winshear Gold Corp.,WINS.V
Earthwise Minerals Corp.,WISE.CN
Wishpond Technologies Ltd.,WISH.V
Wajax Corporation,WJX.TO
WestKam Gold Corp.,WKG.V
Wolfden Resources Corporation,WLF.V
Willow Biosciences Inc.,WLLW.TO
Wallbridge Mining Company Limited,WM.TO
Whitemud Resources Inc.,WMK.V
Wealth Minerals Ltd.,WML.V
Western Metallica Resources Corp.,WMS.V
Walmart Inc.,WMT.NE
George Weston Limited,WN.TO
WonderFi Technologies Inc.,WNDR.TO
West Oak Gold Corp.,WO.CN
Waskahigan Oil & Gas Corp.,WOGC.CN
Grey Wolf Animal Health Corp.,WOLF.V
Winpak Ltd.,WPK.TO
Wheaton Precious Metals Corp.,WPM.TO
Westport Fuel Systems Inc.,WPRT.TO
Western Energy Services Corp.,WRG.TO
Waseco Resources Inc.,WRI.V
West Red Lake Gold Mines Ltd.,WRLG.V
Western Copper and Gold Corporation,WRN.TO
Walker River Resources Corp.,WRR.V
Western Resources Corp.,WRX.TO
Wildsky Resources Inc.,WSK.V
WSM Ventures Corp.,WSM-X.CN
WSP Global Inc.,WSP.TO
Western Star Resources Inc.,WSR.CN
Westshore Terminals Investment Corporation,WTE.TO
Western Uranium & Vanadium Corp.,WUC.CN
West Vault Mining Inc.,WVM.V
Whitewater Acquisition Corp.,WWA-P.V
Water Ways Technologies Inc.,WWT.V
TMX Group Limited,X.TO
Xanadu Mines Limited,XAM.TO
Goldmoney Inc.,XAU.TO
eXeBlock Technology Corporation,XBLK-X.CN
Xebra Brands Ltd.,XBRA.CN
Exelerate Capital Corp.,XCAP-P.V
Xali Gold Corp.,XGC.V
Ximen Mining Corp.,XIM.V
Auxly Cannabis Group Inc.,XLY.TO
Xander Resources Inc.,XND.V
Exxon Mobil Corp,XOM.NE
Canadian Overseas Petroleum Limited,XOP.CN
Xplore Resources Corp.,XPLR.V
XORTX Therapeutics Inc.,XRTX.V
Exco Technologies Limited,XTC.TO
TDb Split Corp.,XTD.TO
TDb Split Corp,XTD-PA.TO
Xtra-Gold Resources Corp.,XTG.TO
Transition Metals Corp.,XTM.V
Xtract One Technologies Inc.,XTRA.TO
Adastra Holdings Ltd.,XTRX.CN
Avante Corp.,XX.V
Xybion Digital Inc.,XYBN.V
Yellow Pages Limited,Y.TO
Mongolia Growth Group Ltd.,YAK.V
Commerce Split Corp,YCM-PB.TO
Yorkton Equity Group Inc.,YEG.V
Yerbaé Brands Corp.,YERB-U.V
CHAR Technologies Ltd.,YES.V
Edgewater Wireless Systems Inc.,YFI.V
Yangarra Resources Ltd.,YGR.TO
Gold Terra Resource Corp.,YGT.V
Ynvisible Interactive Inc.,YNV.V
YANGAROO Inc.,YOO.V
York Harbour Metals Inc.,YORK.V
Yorbeau Resources Inc.,YRB.TO
Wi2Wi Corporation,YTY.V
Komo Plant Based Foods Inc.,YUM.CN
Badger Capital Corp.,YVR-P.V
Zacatecas Silver Corp.,ZAC.V
Zacapa Resources Ltd.,ZACA.V
Zinc8 Energy Solutions Inc.,ZAIR.CN
ZEB Nickel Corp.,ZBNI.V
Zedcor Inc.,ZDC.V
Zentek Ltd.,ZEN.V
ZeU Technologies Inc.,ZEU.CN
Zephyr Minerals Ltd.,ZFR.V
BULGOLD Inc.,ZLTO.V
Group Eleven Resources Corp.,ZNG.V
ZincX Resources Corp.,ZNX.V
Zoomd Technologies Ltd.,ZOMD.V
Zonte Metals Inc.,ZON.V
Zonetail Inc.,ZONE.V
Biosenta Inc.,ZRO.CN
ZTEST Electronics Inc.,ZTE.CN
ZoomerMedia Limited,ZUM.V
ZYUS Life Sciences Corporation,ZYUS.V
Zidane Capital Corp.,ZZE-H.V
Sleep Country Canada Holdings Inc.,ZZZ.TO
